--
-- PostgreSQL database dump
--

-- Dumped from database version 14.7 (Ubuntu 14.7-0ubuntu0.22.04.1)
-- Dumped by pg_dump version 14.7 (Ubuntu 14.7-0ubuntu0.22.04.1)

SET statement_timeout = 0;
SET lock_timeout = 0;
SET idle_in_transaction_session_timeout = 0;
SET client_encoding = 'UTF8';
SET standard_conforming_strings = on;
SELECT pg_catalog.set_config('search_path', '', false);
SET check_function_bodies = false;
SET xmloption = content;
SET client_min_messages = warning;
SET row_security = off;

SET default_tablespace = '';

SET default_table_access_method = heap;

--
-- Name: auth_group; Type: TABLE; Schema: public; Owner: yatube_user
--

CREATE TABLE public.auth_group (
    id integer NOT NULL,
    name character varying(150) NOT NULL
);


ALTER TABLE public.auth_group OWNER TO yatube_user;

--
-- Name: auth_group_id_seq; Type: SEQUENCE; Schema: public; Owner: yatube_user
--

CREATE SEQUENCE public.auth_group_id_seq
    AS integer
    START WITH 1
    INCREMENT BY 1
    NO MINVALUE
    NO MAXVALUE
    CACHE 1;


ALTER TABLE public.auth_group_id_seq OWNER TO yatube_user;

--
-- Name: auth_group_id_seq; Type: SEQUENCE OWNED BY; Schema: public; Owner: yatube_user
--

ALTER SEQUENCE public.auth_group_id_seq OWNED BY public.auth_group.id;


--
-- Name: auth_group_permissions; Type: TABLE; Schema: public; Owner: yatube_user
--

CREATE TABLE public.auth_group_permissions (
    id integer NOT NULL,
    group_id integer NOT NULL,
    permission_id integer NOT NULL
);


ALTER TABLE public.auth_group_permissions OWNER TO yatube_user;

--
-- Name: auth_group_permissions_id_seq; Type: SEQUENCE; Schema: public; Owner: yatube_user
--

CREATE SEQUENCE public.auth_group_permissions_id_seq
    AS integer
    START WITH 1
    INCREMENT BY 1
    NO MINVALUE
    NO MAXVALUE
    CACHE 1;


ALTER TABLE public.auth_group_permissions_id_seq OWNER TO yatube_user;

--
-- Name: auth_group_permissions_id_seq; Type: SEQUENCE OWNED BY; Schema: public; Owner: yatube_user
--

ALTER SEQUENCE public.auth_group_permissions_id_seq OWNED BY public.auth_group_permissions.id;


--
-- Name: auth_permission; Type: TABLE; Schema: public; Owner: yatube_user
--

CREATE TABLE public.auth_permission (
    id integer NOT NULL,
    name character varying(255) NOT NULL,
    content_type_id integer NOT NULL,
    codename character varying(100) NOT NULL
);


ALTER TABLE public.auth_permission OWNER TO yatube_user;

--
-- Name: auth_permission_id_seq; Type: SEQUENCE; Schema: public; Owner: yatube_user
--

CREATE SEQUENCE public.auth_permission_id_seq
    AS integer
    START WITH 1
    INCREMENT BY 1
    NO MINVALUE
    NO MAXVALUE
    CACHE 1;


ALTER TABLE public.auth_permission_id_seq OWNER TO yatube_user;

--
-- Name: auth_permission_id_seq; Type: SEQUENCE OWNED BY; Schema: public; Owner: yatube_user
--

ALTER SEQUENCE public.auth_permission_id_seq OWNED BY public.auth_permission.id;


--
-- Name: auth_user; Type: TABLE; Schema: public; Owner: yatube_user
--

CREATE TABLE public.auth_user (
    id integer NOT NULL,
    password character varying(128) NOT NULL,
    last_login timestamp with time zone,
    is_superuser boolean NOT NULL,
    username character varying(150) NOT NULL,
    first_name character varying(30) NOT NULL,
    last_name character varying(150) NOT NULL,
    email character varying(254) NOT NULL,
    is_staff boolean NOT NULL,
    is_active boolean NOT NULL,
    date_joined timestamp with time zone NOT NULL
);


ALTER TABLE public.auth_user OWNER TO yatube_user;

--
-- Name: auth_user_groups; Type: TABLE; Schema: public; Owner: yatube_user
--

CREATE TABLE public.auth_user_groups (
    id integer NOT NULL,
    user_id integer NOT NULL,
    group_id integer NOT NULL
);


ALTER TABLE public.auth_user_groups OWNER TO yatube_user;

--
-- Name: auth_user_groups_id_seq; Type: SEQUENCE; Schema: public; Owner: yatube_user
--

CREATE SEQUENCE public.auth_user_groups_id_seq
    AS integer
    START WITH 1
    INCREMENT BY 1
    NO MINVALUE
    NO MAXVALUE
    CACHE 1;


ALTER TABLE public.auth_user_groups_id_seq OWNER TO yatube_user;

--
-- Name: auth_user_groups_id_seq; Type: SEQUENCE OWNED BY; Schema: public; Owner: yatube_user
--

ALTER SEQUENCE public.auth_user_groups_id_seq OWNED BY public.auth_user_groups.id;


--
-- Name: auth_user_id_seq; Type: SEQUENCE; Schema: public; Owner: yatube_user
--

CREATE SEQUENCE public.auth_user_id_seq
    AS integer
    START WITH 1
    INCREMENT BY 1
    NO MINVALUE
    NO MAXVALUE
    CACHE 1;


ALTER TABLE public.auth_user_id_seq OWNER TO yatube_user;

--
-- Name: auth_user_id_seq; Type: SEQUENCE OWNED BY; Schema: public; Owner: yatube_user
--

ALTER SEQUENCE public.auth_user_id_seq OWNED BY public.auth_user.id;


--
-- Name: auth_user_user_permissions; Type: TABLE; Schema: public; Owner: yatube_user
--

CREATE TABLE public.auth_user_user_permissions (
    id integer NOT NULL,
    user_id integer NOT NULL,
    permission_id integer NOT NULL
);


ALTER TABLE public.auth_user_user_permissions OWNER TO yatube_user;

--
-- Name: auth_user_user_permissions_id_seq; Type: SEQUENCE; Schema: public; Owner: yatube_user
--

CREATE SEQUENCE public.auth_user_user_permissions_id_seq
    AS integer
    START WITH 1
    INCREMENT BY 1
    NO MINVALUE
    NO MAXVALUE
    CACHE 1;


ALTER TABLE public.auth_user_user_permissions_id_seq OWNER TO yatube_user;

--
-- Name: auth_user_user_permissions_id_seq; Type: SEQUENCE OWNED BY; Schema: public; Owner: yatube_user
--

ALTER SEQUENCE public.auth_user_user_permissions_id_seq OWNED BY public.auth_user_user_permissions.id;


--
-- Name: django_admin_log; Type: TABLE; Schema: public; Owner: yatube_user
--

CREATE TABLE public.django_admin_log (
    id integer NOT NULL,
    action_time timestamp with time zone NOT NULL,
    object_id text,
    object_repr character varying(200) NOT NULL,
    action_flag smallint NOT NULL,
    change_message text NOT NULL,
    content_type_id integer,
    user_id integer NOT NULL,
    CONSTRAINT django_admin_log_action_flag_check CHECK ((action_flag >= 0))
);


ALTER TABLE public.django_admin_log OWNER TO yatube_user;

--
-- Name: django_admin_log_id_seq; Type: SEQUENCE; Schema: public; Owner: yatube_user
--

CREATE SEQUENCE public.django_admin_log_id_seq
    AS integer
    START WITH 1
    INCREMENT BY 1
    NO MINVALUE
    NO MAXVALUE
    CACHE 1;


ALTER TABLE public.django_admin_log_id_seq OWNER TO yatube_user;

--
-- Name: django_admin_log_id_seq; Type: SEQUENCE OWNED BY; Schema: public; Owner: yatube_user
--

ALTER SEQUENCE public.django_admin_log_id_seq OWNED BY public.django_admin_log.id;


--
-- Name: django_content_type; Type: TABLE; Schema: public; Owner: yatube_user
--

CREATE TABLE public.django_content_type (
    id integer NOT NULL,
    app_label character varying(100) NOT NULL,
    model character varying(100) NOT NULL
);


ALTER TABLE public.django_content_type OWNER TO yatube_user;

--
-- Name: django_content_type_id_seq; Type: SEQUENCE; Schema: public; Owner: yatube_user
--

CREATE SEQUENCE public.django_content_type_id_seq
    AS integer
    START WITH 1
    INCREMENT BY 1
    NO MINVALUE
    NO MAXVALUE
    CACHE 1;


ALTER TABLE public.django_content_type_id_seq OWNER TO yatube_user;

--
-- Name: django_content_type_id_seq; Type: SEQUENCE OWNED BY; Schema: public; Owner: yatube_user
--

ALTER SEQUENCE public.django_content_type_id_seq OWNED BY public.django_content_type.id;


--
-- Name: django_migrations; Type: TABLE; Schema: public; Owner: yatube_user
--

CREATE TABLE public.django_migrations (
    id integer NOT NULL,
    app character varying(255) NOT NULL,
    name character varying(255) NOT NULL,
    applied timestamp with time zone NOT NULL
);


ALTER TABLE public.django_migrations OWNER TO yatube_user;

--
-- Name: django_migrations_id_seq; Type: SEQUENCE; Schema: public; Owner: yatube_user
--

CREATE SEQUENCE public.django_migrations_id_seq
    AS integer
    START WITH 1
    INCREMENT BY 1
    NO MINVALUE
    NO MAXVALUE
    CACHE 1;


ALTER TABLE public.django_migrations_id_seq OWNER TO yatube_user;

--
-- Name: django_migrations_id_seq; Type: SEQUENCE OWNED BY; Schema: public; Owner: yatube_user
--

ALTER SEQUENCE public.django_migrations_id_seq OWNED BY public.django_migrations.id;


--
-- Name: django_session; Type: TABLE; Schema: public; Owner: yatube_user
--

CREATE TABLE public.django_session (
    session_key character varying(40) NOT NULL,
    session_data text NOT NULL,
    expire_date timestamp with time zone NOT NULL
);


ALTER TABLE public.django_session OWNER TO yatube_user;

--
-- Name: posts_comment; Type: TABLE; Schema: public; Owner: yatube_user
--

CREATE TABLE public.posts_comment (
    id integer NOT NULL,
    text text NOT NULL,
    created timestamp with time zone NOT NULL,
    author_id integer NOT NULL,
    post_id integer
);


ALTER TABLE public.posts_comment OWNER TO yatube_user;

--
-- Name: posts_comment_id_seq; Type: SEQUENCE; Schema: public; Owner: yatube_user
--

CREATE SEQUENCE public.posts_comment_id_seq
    AS integer
    START WITH 1
    INCREMENT BY 1
    NO MINVALUE
    NO MAXVALUE
    CACHE 1;


ALTER TABLE public.posts_comment_id_seq OWNER TO yatube_user;

--
-- Name: posts_comment_id_seq; Type: SEQUENCE OWNED BY; Schema: public; Owner: yatube_user
--

ALTER SEQUENCE public.posts_comment_id_seq OWNED BY public.posts_comment.id;


--
-- Name: posts_follow; Type: TABLE; Schema: public; Owner: yatube_user
--

CREATE TABLE public.posts_follow (
    id integer NOT NULL,
    author_id integer NOT NULL,
    user_id integer NOT NULL
);


ALTER TABLE public.posts_follow OWNER TO yatube_user;

--
-- Name: posts_follow_id_seq; Type: SEQUENCE; Schema: public; Owner: yatube_user
--

CREATE SEQUENCE public.posts_follow_id_seq
    AS integer
    START WITH 1
    INCREMENT BY 1
    NO MINVALUE
    NO MAXVALUE
    CACHE 1;


ALTER TABLE public.posts_follow_id_seq OWNER TO yatube_user;

--
-- Name: posts_follow_id_seq; Type: SEQUENCE OWNED BY; Schema: public; Owner: yatube_user
--

ALTER SEQUENCE public.posts_follow_id_seq OWNED BY public.posts_follow.id;


--
-- Name: posts_group; Type: TABLE; Schema: public; Owner: yatube_user
--

CREATE TABLE public.posts_group (
    id integer NOT NULL,
    title character varying(200) NOT NULL,
    slug character varying(50) NOT NULL,
    description text NOT NULL
);


ALTER TABLE public.posts_group OWNER TO yatube_user;

--
-- Name: posts_group_id_seq; Type: SEQUENCE; Schema: public; Owner: yatube_user
--

CREATE SEQUENCE public.posts_group_id_seq
    AS integer
    START WITH 1
    INCREMENT BY 1
    NO MINVALUE
    NO MAXVALUE
    CACHE 1;


ALTER TABLE public.posts_group_id_seq OWNER TO yatube_user;

--
-- Name: posts_group_id_seq; Type: SEQUENCE OWNED BY; Schema: public; Owner: yatube_user
--

ALTER SEQUENCE public.posts_group_id_seq OWNED BY public.posts_group.id;


--
-- Name: posts_post; Type: TABLE; Schema: public; Owner: yatube_user
--

CREATE TABLE public.posts_post (
    id integer NOT NULL,
    text text NOT NULL,
    pub_date timestamp with time zone NOT NULL,
    author_id integer NOT NULL,
    group_id integer,
    image character varying(100) NOT NULL
);


ALTER TABLE public.posts_post OWNER TO yatube_user;

--
-- Name: posts_post_id_seq; Type: SEQUENCE; Schema: public; Owner: yatube_user
--

CREATE SEQUENCE public.posts_post_id_seq
    AS integer
    START WITH 1
    INCREMENT BY 1
    NO MINVALUE
    NO MAXVALUE
    CACHE 1;


ALTER TABLE public.posts_post_id_seq OWNER TO yatube_user;

--
-- Name: posts_post_id_seq; Type: SEQUENCE OWNED BY; Schema: public; Owner: yatube_user
--

ALTER SEQUENCE public.posts_post_id_seq OWNED BY public.posts_post.id;


--
-- Name: thumbnail_kvstore; Type: TABLE; Schema: public; Owner: yatube_user
--

CREATE TABLE public.thumbnail_kvstore (
    key character varying(200) NOT NULL,
    value text NOT NULL
);


ALTER TABLE public.thumbnail_kvstore OWNER TO yatube_user;

--
-- Name: auth_group id; Type: DEFAULT; Schema: public; Owner: yatube_user
--

ALTER TABLE ONLY public.auth_group ALTER COLUMN id SET DEFAULT nextval('public.auth_group_id_seq'::regclass);


--
-- Name: auth_group_permissions id; Type: DEFAULT; Schema: public; Owner: yatube_user
--

ALTER TABLE ONLY public.auth_group_permissions ALTER COLUMN id SET DEFAULT nextval('public.auth_group_permissions_id_seq'::regclass);


--
-- Name: auth_permission id; Type: DEFAULT; Schema: public; Owner: yatube_user
--

ALTER TABLE ONLY public.auth_permission ALTER COLUMN id SET DEFAULT nextval('public.auth_permission_id_seq'::regclass);


--
-- Name: auth_user id; Type: DEFAULT; Schema: public; Owner: yatube_user
--

ALTER TABLE ONLY public.auth_user ALTER COLUMN id SET DEFAULT nextval('public.auth_user_id_seq'::regclass);


--
-- Name: auth_user_groups id; Type: DEFAULT; Schema: public; Owner: yatube_user
--

ALTER TABLE ONLY public.auth_user_groups ALTER COLUMN id SET DEFAULT nextval('public.auth_user_groups_id_seq'::regclass);


--
-- Name: auth_user_user_permissions id; Type: DEFAULT; Schema: public; Owner: yatube_user
--

ALTER TABLE ONLY public.auth_user_user_permissions ALTER COLUMN id SET DEFAULT nextval('public.auth_user_user_permissions_id_seq'::regclass);


--
-- Name: django_admin_log id; Type: DEFAULT; Schema: public; Owner: yatube_user
--

ALTER TABLE ONLY public.django_admin_log ALTER COLUMN id SET DEFAULT nextval('public.django_admin_log_id_seq'::regclass);


--
-- Name: django_content_type id; Type: DEFAULT; Schema: public; Owner: yatube_user
--

ALTER TABLE ONLY public.django_content_type ALTER COLUMN id SET DEFAULT nextval('public.django_content_type_id_seq'::regclass);


--
-- Name: django_migrations id; Type: DEFAULT; Schema: public; Owner: yatube_user
--

ALTER TABLE ONLY public.django_migrations ALTER COLUMN id SET DEFAULT nextval('public.django_migrations_id_seq'::regclass);


--
-- Name: posts_comment id; Type: DEFAULT; Schema: public; Owner: yatube_user
--

ALTER TABLE ONLY public.posts_comment ALTER COLUMN id SET DEFAULT nextval('public.posts_comment_id_seq'::regclass);


--
-- Name: posts_follow id; Type: DEFAULT; Schema: public; Owner: yatube_user
--

ALTER TABLE ONLY public.posts_follow ALTER COLUMN id SET DEFAULT nextval('public.posts_follow_id_seq'::regclass);


--
-- Name: posts_group id; Type: DEFAULT; Schema: public; Owner: yatube_user
--

ALTER TABLE ONLY public.posts_group ALTER COLUMN id SET DEFAULT nextval('public.posts_group_id_seq'::regclass);


--
-- Name: posts_post id; Type: DEFAULT; Schema: public; Owner: yatube_user
--

ALTER TABLE ONLY public.posts_post ALTER COLUMN id SET DEFAULT nextval('public.posts_post_id_seq'::regclass);


--
-- Data for Name: auth_group; Type: TABLE DATA; Schema: public; Owner: yatube_user
--

COPY public.auth_group (id, name) FROM stdin;
\.


--
-- Data for Name: auth_group_permissions; Type: TABLE DATA; Schema: public; Owner: yatube_user
--

COPY public.auth_group_permissions (id, group_id, permission_id) FROM stdin;
\.


--
-- Data for Name: auth_permission; Type: TABLE DATA; Schema: public; Owner: yatube_user
--

COPY public.auth_permission (id, name, content_type_id, codename) FROM stdin;
1	Can add post	1	add_post
2	Can change post	1	change_post
3	Can delete post	1	delete_post
4	Can view post	1	view_post
5	Can add log entry	2	add_logentry
6	Can change log entry	2	change_logentry
7	Can delete log entry	2	delete_logentry
8	Can view log entry	2	view_logentry
9	Can add permission	3	add_permission
10	Can change permission	3	change_permission
11	Can delete permission	3	delete_permission
12	Can view permission	3	view_permission
13	Can add group	4	add_group
14	Can change group	4	change_group
15	Can delete group	4	delete_group
16	Can view group	4	view_group
17	Can add user	5	add_user
18	Can change user	5	change_user
19	Can delete user	5	delete_user
20	Can view user	5	view_user
21	Can add content type	6	add_contenttype
22	Can change content type	6	change_contenttype
23	Can delete content type	6	delete_contenttype
24	Can view content type	6	view_contenttype
25	Can add session	7	add_session
26	Can change session	7	change_session
27	Can delete session	7	delete_session
28	Can view session	7	view_session
29	Can add group	8	add_group
30	Can change group	8	change_group
31	Can delete group	8	delete_group
32	Can view group	8	view_group
33	Can add kv store	9	add_kvstore
34	Can change kv store	9	change_kvstore
35	Can delete kv store	9	delete_kvstore
36	Can view kv store	9	view_kvstore
37	Can add comment	10	add_comment
38	Can change comment	10	change_comment
39	Can delete comment	10	delete_comment
40	Can view comment	10	view_comment
41	Can add follow	11	add_follow
42	Can change follow	11	change_follow
43	Can delete follow	11	delete_follow
44	Can view follow	11	view_follow
\.


--
-- Data for Name: auth_user; Type: TABLE DATA; Schema: public; Owner: yatube_user
--

COPY public.auth_user (id, password, last_login, is_superuser, username, first_name, last_name, email, is_staff, is_active, date_joined) FROM stdin;
1	pbkdf2_sha256$150000$Zmogy9nRoGLg$r8ZunNrLUsIZGTLUJ+7HHhuubg8eQ4PPmrTvLzQ1Tfs=	2019-10-01 14:42:37.186+00	t	admin				t	t	2019-10-01 14:34:56.579+00
2	august	\N	f	leo	Лев	Толстой	ln@yasnaya.polyana	f	t	2019-10-05 21:37:36.487+00
3	pbkdf2_sha256$150000$zlXqesKYDyH6$mdYEXmQmimgyOaSIESCTXFivpilOo7R1gCbl2m3Vdvk=	2022-11-21 13:21:45.128+00	t	Rayder			MrRayder7@yandex.ru	t	t	2022-10-04 15:57:17.884+00
4	pbkdf2_sha256$150000$ROAWj6e9VW6y$gK6Bo/lAnWgzBrxUDgxfXEtOgGLiaSSJYiv7dXjpgIE=	\N	f	test				f	t	2022-11-17 15:17:29.052+00
\.


--
-- Data for Name: auth_user_groups; Type: TABLE DATA; Schema: public; Owner: yatube_user
--

COPY public.auth_user_groups (id, user_id, group_id) FROM stdin;
\.


--
-- Data for Name: auth_user_user_permissions; Type: TABLE DATA; Schema: public; Owner: yatube_user
--

COPY public.auth_user_user_permissions (id, user_id, permission_id) FROM stdin;
\.


--
-- Data for Name: django_admin_log; Type: TABLE DATA; Schema: public; Owner: yatube_user
--

COPY public.django_admin_log (id, action_time, object_id, object_repr, action_flag, change_message, content_type_id, user_id) FROM stdin;
1	2019-10-01 15:04:29.895+00	1	Post object (1)	1	[{"added": {}}]	1	1
2	2019-10-05 18:27:05.802+00	1	Привет, я текст!	2	[{"changed": {"fields": ["text"]}}]	1	1
3	2019-10-05 21:46:37.886+00	1	Привет, я текст!	3		1	1
4	2022-10-06 14:22:16.468+00	1	Group object (1)	1	[{"added": {}}]	8	3
5	2022-10-06 14:22:31.476+00	2	Group object (2)	1	[{"added": {}}]	8	3
6	2022-10-06 14:23:06.787+00	1	Group object (1)	2	[]	8	3
7	2022-10-06 14:25:08.575+00	37	Post object (37)	2	[{"changed": {"fields": ["text", "group"]}}]	1	3
8	2022-10-06 14:25:16.119+00	36	Post object (36)	2	[{"changed": {"fields": ["group"]}}]	1	3
9	2022-10-06 15:13:24.966+00	1	Group object (1)	2	[]	8	3
10	2022-10-06 15:27:48.107+00	35	Post object (35)	2	[{"changed": {"fields": ["text", "group"]}}]	1	3
11	2022-10-06 15:27:52.944+00	34	Post object (34)	2	[{"changed": {"fields": ["group"]}}]	1	3
12	2022-10-10 11:53:20.168+00	1	cats	2	[]	8	3
13	2022-10-12 14:59:03.212+00	1	cats	2	[]	8	3
14	2022-10-12 14:59:07.314+00	2	dogs	2	[]	8	3
15	2022-10-12 14:59:38.686+00	33	Post object (33)	2	[{"changed": {"fields": ["text", "group"]}}]	1	3
16	2022-10-12 14:59:45.728+00	31	Post object (31)	2	[{"changed": {"fields": ["text", "group"]}}]	1	3
17	2022-10-22 08:12:29.543+00	1	cats	2	[]	8	3
18	2022-10-22 08:12:33.834+00	2	dogs	2	[]	8	3
19	2022-10-22 08:12:45.237+00	30	Post object (30)	2	[{"changed": {"fields": ["group"]}}]	1	3
20	2022-10-22 08:12:45.391+00	29	Post object (29)	2	[{"changed": {"fields": ["group"]}}]	1	3
21	2022-10-22 08:12:45.52+00	28	Post object (28)	2	[{"changed": {"fields": ["group"]}}]	1	3
22	2022-10-22 08:12:45.66+00	27	Post object (27)	2	[{"changed": {"fields": ["group"]}}]	1	3
23	2022-10-22 08:12:45.816+00	26	Post object (26)	2	[{"changed": {"fields": ["group"]}}]	1	3
24	2022-10-22 08:12:45.979+00	25	Post object (25)	2	[{"changed": {"fields": ["group"]}}]	1	3
25	2022-10-22 08:12:46.141+00	24	Post object (24)	2	[{"changed": {"fields": ["group"]}}]	1	3
26	2022-10-22 08:12:46.281+00	23	Post object (23)	2	[{"changed": {"fields": ["group"]}}]	1	3
27	2022-10-22 08:13:07.013+00	22	Post object (22)	2	[{"changed": {"fields": ["group"]}}]	1	3
28	2022-10-22 08:13:07.155+00	21	Post object (21)	2	[{"changed": {"fields": ["group"]}}]	1	3
29	2022-10-22 08:13:07.313+00	20	Post object (20)	2	[{"changed": {"fields": ["group"]}}]	1	3
30	2022-10-22 08:13:07.466+00	18	Post object (18)	2	[{"changed": {"fields": ["group"]}}]	1	3
31	2022-10-23 07:27:29.03+00	2	dogs	3		8	3
32	2022-10-23 07:27:38.342+00	38	Post object (38)	3		1	3
33	2022-10-23 07:32:44.344+00	3	dogs	1	[{"added": {}}]	8	3
34	2022-11-17 15:17:29.148+00	4	test	1	[{"added": {}}]	5	3
35	2022-11-17 15:18:12.389+00	61	третий лишний	1	[{"added": {}}]	1	3
\.


--
-- Data for Name: django_content_type; Type: TABLE DATA; Schema: public; Owner: yatube_user
--

COPY public.django_content_type (id, app_label, model) FROM stdin;
1	posts	post
2	admin	logentry
3	auth	permission
4	auth	group
5	auth	user
6	contenttypes	contenttype
7	sessions	session
8	posts	group
9	thumbnail	kvstore
10	posts	comment
11	posts	follow
\.


--
-- Data for Name: django_migrations; Type: TABLE DATA; Schema: public; Owner: yatube_user
--

COPY public.django_migrations (id, app, name, applied) FROM stdin;
1	contenttypes	0001_initial	2023-04-08 06:41:34.82324+00
2	auth	0001_initial	2023-04-08 06:41:34.868143+00
3	admin	0001_initial	2023-04-08 06:41:34.948043+00
4	admin	0002_logentry_remove_auto_add	2023-04-08 06:41:34.968969+00
5	admin	0003_logentry_add_action_flag_choices	2023-04-08 06:41:34.975922+00
6	contenttypes	0002_remove_content_type_name	2023-04-08 06:41:34.989026+00
7	auth	0002_alter_permission_name_max_length	2023-04-08 06:41:34.994135+00
8	auth	0003_alter_user_email_max_length	2023-04-08 06:41:35.001135+00
9	auth	0004_alter_user_username_opts	2023-04-08 06:41:35.008012+00
10	auth	0005_alter_user_last_login_null	2023-04-08 06:41:35.015732+00
11	auth	0006_require_contenttypes_0002	2023-04-08 06:41:35.018076+00
12	auth	0007_alter_validators_add_error_messages	2023-04-08 06:41:35.024596+00
13	auth	0008_alter_user_username_max_length	2023-04-08 06:41:35.036836+00
14	auth	0009_alter_user_last_name_max_length	2023-04-08 06:41:35.044794+00
15	auth	0010_alter_group_name_max_length	2023-04-08 06:41:35.051436+00
16	auth	0011_update_proxy_permissions	2023-04-08 06:41:35.05743+00
17	posts	0001_initial	2023-04-08 06:41:35.071967+00
18	posts	0002_group	2023-04-08 06:41:35.09501+00
19	posts	0003_auto_20221006_1903	2023-04-08 06:41:35.18096+00
20	posts	0004_auto_20221009_1409	2023-04-08 06:41:35.190432+00
21	posts	0005_auto_20221010_1652	2023-04-08 06:41:35.228364+00
22	posts	0006_auto_20221010_1653	2023-04-08 06:41:35.243182+00
23	posts	0007_auto_20221010_1709	2023-04-08 06:41:35.250295+00
24	posts	0008_auto_20221010_1734	2023-04-08 06:41:35.260867+00
25	posts	0009_auto_20221010_1805	2023-04-08 06:41:35.271127+00
26	posts	0010_auto_20221011_1917	2023-04-08 06:41:35.289488+00
27	posts	0011_auto_20221012_1946	2023-04-08 06:41:35.307172+00
28	posts	0012_post_image	2023-04-08 06:41:35.315506+00
29	posts	0013_comment	2023-04-08 06:41:35.333145+00
30	posts	0014_auto_20221115_2024	2023-04-08 06:41:35.359809+00
31	posts	0015_follow	2023-04-08 06:41:35.372777+00
32	posts	0016_auto_20230403_1513	2023-04-08 06:41:35.3988+00
33	sessions	0001_initial	2023-04-08 06:41:35.410604+00
34	thumbnail	0001_initial	2023-04-08 06:41:35.441586+00
\.


--
-- Data for Name: django_session; Type: TABLE DATA; Schema: public; Owner: yatube_user
--

COPY public.django_session (session_key, session_data, expire_date) FROM stdin;
ato0m5lc3spy8mmch26je2xb7euy0zv8	NjJhNWI0NTVlYzY3MjM2ZDE5Yjg4YzY1MWUzYWFjZDVjNjA5NzY0Zjp7Il9hdXRoX3VzZXJfaWQiOiIxIiwiX2F1dGhfdXNlcl9iYWNrZW5kIjoiZGphbmdvLmNvbnRyaWIuYXV0aC5iYWNrZW5kcy5Nb2RlbEJhY2tlbmQiLCJfYXV0aF91c2VyX2hhc2giOiI1ZjEyMzk4OWFhN2VlODQ5MDNiMmUyYmUxNGE5MjU2MjJiNGJhYzI4In0=	2019-10-15 14:42:37.187+00
ie52os66e7k24jcpc36tfg6poba83uwd	YzI2MGY4MTRjMmUzMjQyNjE3YzlmMzliMjE5YjlmZTk2ZjBjMGZiNzp7Il9hdXRoX3VzZXJfaWQiOiIzIiwiX2F1dGhfdXNlcl9iYWNrZW5kIjoiZGphbmdvLmNvbnRyaWIuYXV0aC5iYWNrZW5kcy5Nb2RlbEJhY2tlbmQiLCJfYXV0aF91c2VyX2hhc2giOiI5MjQ3OTgzYzI5MjFmNTBkNzViM2QyZWYzYjAyZTdlMjk3OTIxNjUyIn0=	2022-12-05 13:21:45.186+00
jlgbhe0ehtuubanjqhmwjnaxdp7ynkrq	YzI2MGY4MTRjMmUzMjQyNjE3YzlmMzliMjE5YjlmZTk2ZjBjMGZiNzp7Il9hdXRoX3VzZXJfaWQiOiIzIiwiX2F1dGhfdXNlcl9iYWNrZW5kIjoiZGphbmdvLmNvbnRyaWIuYXV0aC5iYWNrZW5kcy5Nb2RlbEJhY2tlbmQiLCJfYXV0aF91c2VyX2hhc2giOiI5MjQ3OTgzYzI5MjFmNTBkNzViM2QyZWYzYjAyZTdlMjk3OTIxNjUyIn0=	2022-11-06 08:48:26.896+00
\.


--
-- Data for Name: posts_comment; Type: TABLE DATA; Schema: public; Owner: yatube_user
--

COPY public.posts_comment (id, text, created, author_id, post_id) FROM stdin;
1	привет	2022-11-15 14:52:25.536+00	3	59
2	привет	2022-11-15 14:52:29.776+00	3	59
3	f	2022-11-15 14:53:28.444+00	3	59
4	hello	2022-11-15 14:54:50.511+00	3	59
5	ку	2022-11-21 13:27:06.433+00	3	61
6	Привет	2022-11-21 13:31:26.303+00	3	61
\.


--
-- Data for Name: posts_follow; Type: TABLE DATA; Schema: public; Owner: yatube_user
--

COPY public.posts_follow (id, author_id, user_id) FROM stdin;
15	2	3
17	4	3
\.


--
-- Data for Name: posts_group; Type: TABLE DATA; Schema: public; Owner: yatube_user
--

COPY public.posts_group (id, title, slug, description) FROM stdin;
1	cats	cats	Все любят котиков
3	dogs	dogs	мы любим собачек
\.


--
-- Data for Name: posts_post; Type: TABLE DATA; Schema: public; Owner: yatube_user
--

COPY public.posts_post (id, text, pub_date, author_id, group_id, image) FROM stdin;
4	[Бухарест.] Во время перехода отъ Силистріи къ Маю я ѣздилъ въ Букарестъ. Я игралъ и принужденъ былъ занимать деньги. Положеніе унизительное для каждаго и для меня въ особенности. Написалъ письма: тетинькѣ, Митѣ, Некрасову и Оськѣ. — Всё еще не знаю, за что приняться, и поэтому ничего не дѣлаю. Кажется, что лучше всего работать за романомъ Р[усскаго] П[омѣщика].	1854-06-23 00:00:00+00	2	\N	
14	Скромности у меня нѣтъ! вотъ мой большой недостатокъ. —\n\nЧто я такое? Одинъ изъ 4-хъ сыновей отставнаго Подполковника, оставшійся съ 7 лѣтняго возраста безъ родителей подъ опекой женщинъ и постороннихъ, не получившій ни свѣтскаго, ни ученаго образованія и вышедшій на волю 17-ти лѣтъ, безъ большого состоянія, безъ всякаго общественнаго положенія и, главное, безъ правилъ; человѣкъ, разстроившій свои дѣла до послѣдней крайности, безъ цѣли и наслажденія проведшій лучшія года своей жизни, наконецъ изгнавшій себя на Кавказъ, чтобъ бѣжать отъ долговъ и, главное, привычекъ, а оттуда, придравшись къ какимъ-то связямъ, существовавшимъ между его отцомъ и Командующимъ арміей, перешедшій въ Дунайскую армію 26 лѣтъ, прапорщикомъ, почти безъ средствъ кромѣ жалованья (потому что тѣ средства, которыя у него есть, онъ долженъ употребить на уплату оставшихся долговъ), безъ покровителей, безъ умѣнья жить въ свѣтѣ, безъ знанія службы, безъ практическихъ способностей; но — съ огромнымъ самолюбіемъ! Да, вотъ мое общественное положеніе. Посмотримъ, что такое моя личность. —\n\nЯ дуренъ собой, неловокъ, нечистоплотенъ и свѣтски необразованъ. — Я раздражителенъ, скученъ для другихъ, нескроменъ, нетерпимъ (intolérant) и стыдливъ, какъ ребенокъ. — Я почти невѣжда. Что я знаю, тому я выучился кое какъ самъ, урывками, безъ связи, безъ толку и то такъ мало. — Я невоздерженъ, нерѣшителенъ, непостояненъ, глупо-тщеславенъ и пылокъ, какъ всѣ безхарактерные люди. Я не храбръ. Я неакуратенъ въ жизни и такъ лѣнивъ, что праздность сдѣлалась для меня почти неодолимой привычкой. — Я уменъ, но умъ мой еще никогда ни на чемъ не былъ основательно испытанъ. У меня нѣтъ ни ума практическаго, ни ума свѣтскаго, ни ума дѣловаго. — Я честенъ, т. е. я люблю добро, сдѣлалъ привычку любить его; и когда отклоняюсь отъ него, бываю недоволенъ собой и возвращаюсь къ нему съ удовольствіемъ; но есть вещи, который я люблю больше добра — славу. Я такъ честолюбивъ и такъ мало чувство это было удовлетворено, что часто, боюсь, я могу выбрать между славой и добродѣтелыо первую, ежели бы мнѣ пришлось выбирать изъ нихъ. ______________\n\nДа, я не скроменъ; оттого то я гордъ въ самомъ себѣ, а стыдливъ и робокъ въ свѣтѣ. ______________\n\nУтромъ писалъ эту страницу и читалъ Louis Philipp’a. Послѣ обѣда уже очень поздно началъ писать 3[аписки] Ф[еерверкера] и до вечера написалъ довольно много несмотря на то, что у меня были Олхинъ и Андроповъ. Послѣ ухода Андроп[ова] ю я облокотился на балконъ и глядѣлъ на свой любимый фонарь, который такъ славно свѣтитъ сквозь дерево. Притомъ же послѣ нѣсколькихъ грозовыхъ тучь, которыя проходили и мочили нынче землю, осталась одна большая, закрывавшая всю южную часть неба и какая-то пріятная легкость и влажность въ воздухѣ.\n\nХозяйская хорошенькая дочка также, какъ я, лежала въ своемъ окнѣ, облокотившись на локти. По улицѣ прошла шарманка, и когда звуки добраго стариннаго вальса, удаляясь все больше и больше, стихли совершенно, дѣвочка до глубины души вздохнула, приподнялась и быстро отошла отъ окошка. Мнѣ стало такъ грустно — хорошо, что я невольно улыбнулся и долго еще смотрѣлъ на свой фонарь, свѣтъ котораго заслоняли иногда качаемыя вѣтромъ вѣтви дерева, на дерево, на заборъ, на небо, и все это мнѣ казалось еще лучше, чѣмъ прежде. —\n\nЯ долженъ упрекнуть себя нынче въ 3-хъ неосновательностяхъ: 1) что я забылъ о фортепьянахъ, 2) не позаботился о рапортѣ перевода и 3) что я ѣлъ боршъ съ поносомъ, который все усиливается. (3)	1854-07-07 00:00:00+00	2	\N	
17	Писать не хочется, а я сказалъ уже, что принуждать себя ни къ чему не намѣренъ par parti pris. — Поэтому скажу только, что читалъ Лафонтена и Гёте, котораго начинаю день ото дню понимать лучше, и писалъ на бѣло З[аписки] Ф[еерверкера] очень мало и лѣниво, за что и дѣлаю себѣ упрекъ. (1)	1854-07-10 00:00:00+00	2	\N	
54	Как же это настроить!!	2022-10-27 16:41:29.746+00	3	1	
55	Как же это настроить123	2022-10-27 16:48:48.315+00	3	1	
56	Как же это настроить11111	2022-10-27 16:51:36.317+00	3	1	
57	Как же это настроить11555	2022-10-27 16:52:05.533+00	3	1	
58	Как же это настроить - получилось5	2022-10-27 16:52:47.747+00	3	1	
34	Пишу въ самомъ пріятномъ веселомъ расположеніи духа, въ которомъ я провелъ весь вечеръ. Утро читалъ, объѣдался грушами и вмѣсто обѣда ѣлъ сыръ. Несмотря на кутежи у Сталыпина и Сержпутовскаго по случаю полученія наградъ, не завидовалъ, а провелъ день весело. Вечеромъ хватилъ босонож[ку] и выпилъ бокала два шампанскаго съ Шварц[емъ], Вейлеровскимъ [?] и Гембичомъ, потомъ болталъ съ Шубинымъ и съ Сашей Горчаковымъ. — Исключая праздности, днемъ своимъ очень доволенъ. (1)	1854-07-28 00:00:00+00	2	\N	
59	Получилось сделать! yea	2022-10-29 05:57:03.131+00	3	1	posts/XKF17lDa5Xg.jpg
60	testestese	2022-10-30 07:18:57.587+00	3	3	posts/u41921.jpg
2	Начинаю новую тетрадь дневника, послѣ почти мѣсячнаго промежутка, во время котораго я такъ много переиспыталъ, перечувствовалъ, что мнѣ не было времени думать и еще меньше записывать. — Съ Кавказа я пріѣхалъ въ Тулу, видѣлъ тетокъ, сестру, Валерьяна и узналъ о своемъ производствѣ. Всѣ 3 брата и Перфильевы пріѣхали ко мнѣ и увезли меня въ Москву. Изъ Москвы я проѣхалъ въ Покровское, тамъ простился съ т[етушкой] П[елагеей] И[льиничной], В[алерьяномъ], съ Машей и Сережей. Эти 2 прощанья — особенно послѣднее — были одни изъ счастливѣйшихъ минутъ въ моей жизни. Оттуда поѣхалъ къ Митинькѣ, который почти по моему совѣту бросилъ Москву, — и черезъ Полтаву, Кишиневъ и т. д. 3-го дня пріѣхалъ въ Букарестъ. Я былъ счастливъ все это время!\n\nСлужебное положеніе мое здѣсь неопредѣленно и я уже съ недѣлю снова сомнительно болѣнъ. — Неужели снова начнется для меня пора испытаній?!\n\nВпрочемъ я самъ виноватъ, счастіе избаловало меня: я опустился и во многомъ имѣю упрекнуть себя со дня выѣзда моего изъ Курска и до сей минуты. — Грустно убѣдиться, что я не умѣлъ переносить счастія также, какъ и не умѣлъ переносить несчастія. Нынче пойду къ командиру Дивизіи въ корпусной Штабъ, сдѣлаю кой какія покупки, погуляю, и прійду домой писать письма и обѣдать. Послѣ обѣда займусь чѣмъ нибудь и передъ вечеромъ поѣду въ баню. Вечеръ просижу дома и займусь Отрочествомъ.	1854-03-14 00:00:00+00	2	\N	
39	rtyr	2022-10-23 07:25:46.975+00	3	\N	
40	rtyr	2022-10-23 07:26:44.937+00	3	\N	
41	rtyr	2022-10-23 07:26:46.194+00	3	\N	
42	rtyr	2022-10-23 07:27:16.503+00	3	\N	
43	укенук	2022-10-23 07:32:50.878+00	3	3	
44	шоколад	2022-10-23 07:34:21.327+00	3	1	
45	без группы	2022-10-23 07:42:47.623+00	3	\N	
46	Правильно написано	2022-10-23 08:18:28.771+00	3	3	
47	rty	2022-10-23 08:34:17.298+00	3	1	
48	ty	2022-10-26 13:36:40.487+00	3	\N	
49	Как же это настроить	2022-10-26 15:19:22.475+00	3	3	
3	Ровно 3 мѣсяца промежутка. — 3 мѣсяца праздности и жизни, которой я не могу быть доволенъ. — Недѣли три я былъ у Шейдемана и жалѣю, что не остался. Съ офицерами бы я ладилъ, и съ батар[ейнымъ] команд[иромъ] умѣлъ бы устроиться. За то дурное общество и затаенная злоба отъ своего неблестящаго положенія хорошо бы подѣйствовали на меня. Я сердился бы, скучалъ, старался бы подняться морально надъ своимъ положеніемъ и сталъ бы лучше — работалъ бы. — Откомандированіе меня въ Штабъ пришло въ то самое время, когда я поссорился съ батарейнымъ командиромъ, и польстило моему тщеславію. — Болѣзнь моя, во время которой я не могъ даже вернуться на старую колею занятій и честнаго труда съ одной цѣлью добра, — доказала мнѣ, до какой степени я испортился. Чѣмъ выше я становлюсь въ общественномъ мнѣніи, тѣмъ ниже я становлюсь въ собственному Я имѣлъ нѣсколько разъ женщинъ, лгалъ, тщеславился и, что всего ужаснѣе, подъ огнемъ велъ себя не такъ, какъ надѣялся отъ самаго себя.____\n\nОсада Силистріи снята, я еще не былъ въ дѣлѣ, положеніе мое въ кругу товарищей и начальство хорошо, несмотря на остаток б[.....] и ранки, здоровье мое порядочно и въ моральномъ отношеніи я твердо рѣшился посвятить свою жизнь пользѣ ближняго. Въ послѣдній разъ говорю себѣ:\nЕжели пройдетъ 3 дня, во время которыхъ я ничего не сдѣлаю для пользы людей, я убью себя. —  Помоги мнѣ Господи._________\nДо обѣда пишу письма: Сережѣ и теткамъ, Волконской, ежели успѣю. Послѣ обѣда продолжаю записки Феерверкера. __________	1854-06-15 00:00:00+00	2	\N	
5	Съ утра сѣлъ за работу; но ничего не сдѣлалъ и радъ былъ, когда мнѣ пришолъ помѣшать Горчаковъ. Послѣ обѣда у Генер[ала] читалъ Беран[же], ѣздилъ къ Доктору, который объявилъ мнѣ, что мнѣ должно дѣлать операцію и лечиться мѣсяца полтора и болталъ до ночи съ Шубинымъ о нашемъ русскомъ рабствѣ. Правда, что рабство есть зло, но зло чрезвычайно милое. __________	1854-06-24 00:00:00+00	2	\N	
6	День ото дня откладывалъ операцію, ожидая перехода въ Букарестъ; a здѣсь откладывалъ, ожидая квартиры и Доктора. Въ Журжѣ были дѣла, въ кот[орыхъ] бы я могъ быть, ежели бы былъ здоровъ. Денегъ нѣтъ ни гроша и я долженъ. Валер[ьянъ] пишетъ въ письмѣ, кот[орое] я получилъ вчера, что ни лошадей, ни денегъ нѣтъ. — Намѣренъ лечиться серьезно. Мнѣ хочется пожить беззаботно и весело, не знаю, что выйдетъ изъ этаго желанія.	1854-06-29 00:00:00+00	2	\N	
7	Сегодня мнѣ сдѣлали операцію съ клороформомъ — я былъ малодушенъ. Ничего не дѣлалъ отъ невозможности. Есть надежда выздоровѣть. —	1854-06-30 00:00:00+00	2	\N	
8	Написалъ письмо Валерьяну и Оголину. Здоровье ни лучше, ни хуже, живу одинъ, читаю, но за работы не принимаюсь, хотя Зап[иски] Феер[веркера] сильно искушаютъ меня. ________	1854-07-01 00:00:00+00	2	\N	
9	Читалъ Gilbert и Gilberte. Здоровье все statu quo.\n\n— Зап[иски] Феер[веркера] все болѣе болѣе опредѣляются, нынче, 3-го І[юля], кажется, займусь.	1854-07-02 00:00:00+00	2	\N	
10	Цѣлый день читалъ, работа никакъ не хочетъ идти. Вечеромъ болталъ съ Пруш[инскимъ?], Олх[инымъ] и Антроп[овымъ]. Проигралъ глупо Пруш[инскому] porte-feuille Полинькинъ и несмотря на его отговорки от далъ ему. Невольно, какъ только я остаюсь одинъ и обдумываю самаго себя, я возвращаюсь къ прежней мысли — мысли объ усовершенствованіи; но главная моя ошибка — причина, по которой я не могъ спокойно идти по этой дорогѣ — та, что я усовершенствованіе смѣшивалъ съ совершенствомъ. Надо прежде понять хорошенько себя и свои недостатки и стараться исправлять ихъ, а не давать себѣ задачей — совершенство, котораго не только невозможно достигнуть съ той низкой точки, на которой я стою, но при пониманіи котораго пропадаетъ надежда на возможность достиженія. Тоже, что было со мной въ хозяйствѣ, въученьи, въ литературѣ, въ жизни. — Въ хозяйствѣ я хотѣлъ достигнуть совершенства и забывалъ, что прежде нужно было исправить несовершенства, которыхъ слишкомъ много, хотѣлъ правильнаго раздѣленія полей, когда мнѣ нечѣмъ было ихъ удабривать и сѣять. —\n\nНужно взять себя такимъ, какимъ есть, и исправимые недостатки стараться исправить, хорошая же натура поведетъ меня къ добру безъ книжки, которая столько времени была моимъ кошмаромъ. — Я одинъ изъ тѣхъ характеровъ, которые, желая, отъискивая и готовые на все прекрасное, неспособны именно по этому къ постоянно-хорошему.	1854-07-03 00:00:00+00	2	\N	
11	Главные мои недостатки. 1) Неосновательность (подъ этимъ я разумѣю: нерѣшительность, непостоянство и непослѣдовательность. 2) Непріятный тяжелый характеръ, раздражительность, излишнее самолюбіе, тщеславіе. 3) Привычка къ праздности. — Буду стараться постоянно наблюдать за этими 3 основными пороками и записывать всякій разъ, что буду впадать въ нихъ. — Уже нынче я спорилъ съ Антропов[ымъ] о томъ, должно ли или нѣтъ ему ѣхать въ Журжу, съ раздраж[ительностью] и излишнимъ самолюбіемъ. —\n\nЯ обѣдалъ дома довольно спокойно, хорошо и дешево. Бартоломей обѣщалъ было читать со мной Pictures from Italy, но бѣдняжка нашелъ, что это слышкомъ скучно, и поэтому мы сочли за лучшее болтать съ нимъ до поздняго вечера. — Онъ, кажется, добрый и съ хорошимъ направленіемъ мальчикъ; но молодъ.....\n\nЗдоровье мое какъ будто лучше, но боюсь еще вѣрить. — Былъ неосноват[еленъ] съ Новережскимъ, не кончивъ дѣла о рапортѣ; раздражителенъ съ Антроповымъ и — увы — опять лѣнился, ничего не сдѣлалъ, кромѣ этой страницы дневника. Получилъ письмо отъ тетки и Митиньки, на которое завтра надо будетъ отвѣтить. (3)	1854-07-04 00:00:00+00	2	\N	
61	третий лишний	2022-11-17 15:18:12.387+00	4	3	posts/1449516697181478250.png
62	кря	2022-11-22 15:37:05.632+00	3	3	
63	крякря	2022-11-22 15:40:33.695+00	3	3	
64	erterrt	2022-11-22 15:42:22.134+00	3	1	
65	ertetr	2022-11-22 15:43:25.014+00	3	3	
66	wertwer	2022-11-22 15:43:52.992+00	3	1	posts/NpPO3-LLMj0.jpg
67	ваыва	2022-11-22 15:46:45.558+00	3	1	posts/o_PEp7fKUeA.jpg
68	кенгкенвке	2022-11-22 15:48:30.796+00	3	3	posts/1424206384_1497197936.jpg
12	Читалъ во время чаю, обѣда и десерта, утро же все писалъ одно письмо тетинькѣ, которое пошлю, несмотря на то, что французскій слогъ его мнѣ очень не нравится. — Миѣ со дня на день становится труднѣе объясняться и писать по французски, надо же эту глупую манеру писать и говорить на языкѣ, который плохо знаешь! — А сколько хлопотъ, потеряннаго времени, неясности въ мысляхъ и нечистоты въ природномъ языкѣ изъ за этой манеры, а необходимо!\n\nВечеромъ написалъ съ главу Зап[исокъ] Феерв[еркера] съ увлеченіемъ и порядочно. Олхинъ 2 раза былъ у меня, чего мнѣ совершенно ненужно записывать, потому что чудесныя выраженія глупости, которыя вырывались у него, я не запомню оттого, что запишу ихъ. — Поѣлъ фруктовъ, несмотря на поносъ, и поручилъ Олхину нанять фортепьяно, вотъ двѣ ошибки противъ основательности. Главный мой недостатокъ состоитъ въ недостаткѣ терпимости къ себѣ и другимъ. Это не правило, а мысль, которую почему не записать сюда. Она напомнить черезъ нѣсколько времени то моральное состоите, въ которомъ я находился 5-го Іюля 1854 года. (2)	1854-07-05 00:00:00+00	2	\N	
13	Цѣлый день читалъ то Лермонтова], то Гёте, то Alphonse Karr’a и не могъ приняться за дѣло. — Какъ я не говорю, что я не честолюбивъ, и сколько ни стараюсь быть искреннимъ въ этомъ, le bout de l’oreille se montre malgré moi.\n\nМнѣ непріятно было узнать сегодня, что Осипъ Сержпут[овскій] контуженъ и о немъ донесено: Государю. Зависть.... и изъ за какой пошлости и къ какой дряни!\n\nНынче весь день былъ день непріятныхъ воспоминаній. То воспоминаніе о долгѣ Зубкову мучало меня. (Насчетъ его я было раздумалъ переходъ въ конную артиллерію, по потомъ рѣшился, оставивъ дѣло, какъ есть, ждать до 55-го года.) То воспоминаніе о томъ, что я будто слишкомъ много позволялъ своему Генералу, мучало меня. Обдумавъ хорошенько, выходить напротивъ, что я слишкомъ много себѣ позволялъ съ нимъ. — Чтобы естественно быть гордымъ (fier) надо или быть дуракомъ (чѣмъ я не могу быть), или быть довольнымъ собою, за чѣмъ я не былъ со времени своего пріѣзда въ армію. За нынѣшній [день] 2 упрека я могу и долженъ себѣ сдѣлать: 1) непростительная цѣлый день лѣнь и слѣдствіе ея — праздность и 2) просьба къ (Олхину о фортепьяно, на что у меня нѣтъ достаточно денегъ.) (1)	1854-07-06 00:00:00+00	2	\N	
15	Утромъ читалъ и писалъ немного. Вечеромъ побольше, но все не только безъ увлеченія, но съ какою-то непреодолимой лѣнью. Рѣшился не брать фортепьянъ и отвѣтилъ Олхину, что у меня денегъ нѣтъ, чѣмъ онъ вѣрно обидѣлся, тѣмъ болѣе, что я подписалъ просто «весь вашъ». Открылъ я нынче еще поэтическую вещь въ Лермантовѣ и Пушкинѣ; въ первомъ Умирающій гладіаторъ. (Эта предсмертная мечта о домѣ удивительно хороша) и во второмъ Янко Марнавичь, который убилъ нечаянно своего друга. Помолившись усердно и долго въ Церкви, онъ пришелъ домой и легъ на постель. Потомъ онъ спросилъ у женѣ, не видитъ ли она чего нибудь въ окнѣ, она отвѣчала, что нѣтъ. Онъ еще разъ спросилъ, тогда жена сказала, что видитъ за рѣкой огонекъ; когда онъ въ третій разъ спросилъ, жена сказала, что видитъ — огонекъ сталъ побольше и приближается. Онъ умеръ. — Это восхитительно! А отчего? Подите объясняйте послѣ этаго поэтическое чувство. —	1854-07-08 00:00:00+00	2	\N	
16	Утро и цѣлый день провелъ, то пиша З[аписки] Ф[еерверкера], которыя, между прочимъ, кончилъ, но которыми такъ не доволенъ, что едва ли не придется передѣлать все за ново или вовсе бросить, но бросить не однѣ З[аписки] Ф[еерверкера], но бросить все литераторство; потому что ежели вещь, казавшаяся превосходною въ мысли — выходитъ ничтожна на дѣлѣ, то тотъ, который взялся за нее, не имѣетъ таланта. То читалъ Гёте, Лермонтова и Пушкина. Перваго я плохо понимаю, да и не могу, какъ ни стараюсь, перестать видѣть смѣшное (du ridicule) въ нѣмецкомъ языкѣ. Во второмъ я нашелъ начало Измаилъ-бея весьма хорошимъ. Можетъ быть это показалось мнѣ болѣе потому, что я начинаю любить Кавказъ, хотя посмертной, но сильной любовью. Дѣйствительно хорошъ этотъ край дикой, въ которомъ такъ странно и поэтически соединяются двѣ самыя противуположныя вещи — война и свобода. — Въ Пушкинѣ же меня поразили Цыгане, которыхъ, странно, я не понималъ до сихъ поръ.\nДевизою моего дневника должно быть «non ad probandum, sed ad narrandum».	1854-07-09 00:00:00+00	2	\N	
18	Перечитывалъ Героя нашего времени, читалъ Гёте и только передъ вечеромъ написалъ очень мало. Почему? Лѣнь, нерѣшительность и страсть смотрѣть свои усы и фистулы. За что и дѣлаю себѣ 2 упрека. Нынче Бабарыкину, который былъ тутъ и ѣдетъ къ Генералу, поручилъ свой рапортъ о переводѣ. Еще упрекъ за то, что посмѣялся надъ Олхинымъ при Бабарыкинѣ. (3)	1854-07-11 00:00:00+00	2	1	
19	Утромъ Олхинъ пришелъ мнѣ объявить, что онъ ѣдетъ въ Леово, и хотѣлъ поручить своихъ лошадей и вещи, отъ чего я невольно отдѣлался, сказавъ ему, что у меня нѣтъ денегъ. — Въ самомъ дѣлѣ я опять въ самомъ затруднительномъ денежномъ положеніи: ни копейки, по крайней мѣрѣ до половины Августа, не предвидится ни откуда, исключая фуражныхъ, и долженъ Доктору. Не предвидится, я говорю, потому что нынче получилъ Современникъ и убѣжденъ, что рукописи мои сидятъ гдѣ нибудь въ таможнѣ. Это дѣло я разъясню, какъ выздоровлю. Вечеромъ я имѣлъ случай испытать воображаемость своего перерожденія къ веселой жизни. Хозяйская прехорошенькая замужняя дочь, которая безъ памяти глупо кокетничала со мной, подѣйствовала на меня — какъ я ни принуждалъ себя — какъ и в старину, т. е. я страдалъ ужасно отъ стыдливости.\n\nНынче въ разговорѣ съ Докторомъ изчезъ глупый — и несправедливый взглядъ, который я имѣлъ на Валаховъ — взглядъ, общій всей арміи и заимствованный мной отъ дураковъ, съ которыми я до сихъ поръ водился. — Судьба этаго народа мила и печальна. Читалъ я нынче и Гёте и Лермантова драму, въ которой нашелъ много новаго, хорошаго, и Холодный домъ Дикенса. Вотъ ужъ 2-й день, что я покушаюсь сочинять стихи. Посмотримъ, что изъ этаго выйдетъ. —\n\nУпрекнуть долженъ себя нынче только за лѣнь, хотя писалъ и обдумалъ впередъ много хорошаго, но слишкомъ мало и лѣниво. (1)	1854-07-11 00:00:00+00	2	\N	
20	Съ утра чувствовалъ въ головѣ тяжесть и не могъ преодолѣть себя, чтобы заниматься. Весь день читалъ Современникъ. Эсфирь (Холодный домъ) говоритъ, что дѣтская молитва ея состояла въ обѣщаніи, которое она дала Богу 1) всегда быть трудолюбивой, 2) чистосердечной, 3) довольной и 4) стараться снискивать любовь всѣхъ окружающихъ ее.\n\nКакъ просты, какъ милы, удобоисполнимы и велики эти 4 правила. Вечеромъ позвалъ къ себѣ Антропова, чтобы взять денегъ, и спорилъ съ нимъ, т. е. присутствіе его возбуждало мои мысли. Я люблю это, хотя къ этому примѣшивается всегда непріятное и дурное чувство, что онъ не можетъ оцѣнить моихъ мыслей. Зашелъ и Шубинъ съ своимъ тщеславно униженнымъ лицомъ и взглядомъ на вещи. За что я это написалъ? Не знаю. — Упрекаю себя за лѣнь. (1)	1854-07-12 00:00:00+00	2	1	
21	Моя молитва. «Вѣрую во единаго всемогущаго и добраго Бога, въ безсмертіе души и въ вѣчное возмездіе по дѣламъ нашимъ; желаю вѣровать въ религію отцовъ моихъ и уважаю ее». ——\n\n«Отче нашъ» и т. д. «За упокой и за спасеніе род[ителей]». «Благодарю тебя, Господи за милости Твои, за то... за то и за то. (При этомъ вспомни все, что было для тебя счастливаго.) Прошу, внуши мнѣ благія предпріятія и мысли, и дай мнѣ счастія и успѣха въ нихъ. — Помоги мнѣ исправляться отъ пороковъ моихъ; избави меня отъ болѣзней, страданій, ссоръ, долговъ и униженій. —\n\nДаруй мнѣ въ твердой вѣрѣ и надеждѣ на Тебя, въ любви къ другимъ и отъ другихъ съ спокойной совѣстью и пользой для ближняго жить и умереть. Даруй мнѣ творить добро и избѣгать зла; но будетъ со мной добро или зло, да будетъ пресвятая воля твоя! Даруй мнѣ добра, истиннаго! Г[оспо]ди помилуй! Г[оспо]ди помилуй, Г[оспо]ди помилуй! —\n\nУтро очень позднее, потому что всталъ въ 10, читалъ о Черногоріи, писалъ немного и болталъ съ товарищами, которые зашли ко мнѣ. Послѣ обѣда долженъ былъ принуждать себя, чтобы написать немного и не отчетливо. Часовъ въ 9 пріѣхалъ Бартоломей, съ нимъ я выѣхалъ въ первый разъ, былъ въ Херестреу и болталъ до 12. Могъ бы упрекнуть себя за лѣнь, но принявъ во вниманіе стараніе и болѣзнь — прощаю, но —подлость, когда я попросилъ Доктора разрѣзать мнѣ дырочку и потомъ испугался и просилъ отложить, стоитъ палокъ, плетей. (1)	1854-07-13 00:00:00+00	2	1	
22	Утромъ, кромѣ обыкновенная чтенія Гёте и подвертывавшихся книжонокъ, написалъ Жданова, но насчетъ личности Велинчука все еще не рѣшился. — Нынче опять рѣзали мнѣ пахъ и опять я принималъ клороформъ. Впечатлѣніе было ужъ не такъ непріятно, но такъ странно — я слышалъ звонъ инструментовъ, но не слыхалъ боли. Вечеръ сидѣли у меня Новережскій, Шубинъ и Антроповъ. Получилъ письмо отъ старосты: Цвѣтковъ Терентій и 2 дворовые пойдутъ въ рекр[уты], выборъ хорошъ. Старый Башибузукъ непремѣнно хочетъ, прежде чѣмъ пустить въ ходъ мой переводъ, извѣстить о томъ Князя. Не подумать ли мнѣ о этомъ переводѣ? Можетъ быть я не переработаю свой характеръ, a сдѣлаю только одну и важную глупость изъ желанія переработать его. Есть-ли нерѣшительность капитальной недостатокъ — такой, отъ котораго нужно исправляться? Не есть ли два рода характеровъ одинаково достойные: одни рѣшительные, другіе обдуманные? Не принадлежу [ли] я къ послѣднимъ? И желаніе мое исправиться не есть ли желаніе быть тѣмъ, чѣмъ я не есмь, какъ говоритъ A[lphonse] Karr. Мнѣ кажется, что это правда. Есть недостатки болѣе положительныя (абсолютныя), какъ то лѣнь, ложь, раздражительность, эгоизмъ, которыя всегда недостатки. —————	1854-07-14 00:00:00+00	2	1	
23	Рано нынче разбудилъ меня Докторъ, и благодаря этому случаю, я написалъ въ утро довольно много — все передѣлывалъ старое — описаніе солдатъ. — Вечеромъ тоже пописалъ немного и читалъ Verschwörung von Viesko. Я начинаю понимать драму вообще. Хотя въ этомъ я иду совершенно противуположнымъ путемъ большинству, я доволенъ этимъ какъ средствомъ, дающимъ мнѣ новое поэтическое наслажденіе. Послѣ чая зашелъ ко мнѣ Шубинъ, Тишкевичъ и Вержбицкій, который много интереснаго мнѣ прекрасно разсказывалъ про дѣло подъ Слободзеей. Я очень недоволенъ собой, первое за то, что срывалъ цѣлый день прыщи, которыми у меня покрыто лицо и тѣло и носъ, что начинаетъ мучить меня, и второе, за глупое бѣшенство, которое вдругъ напало на меня за обѣдомъ на Алешку. (2) ————————————————	1854-07-15 00:00:00+00	2	1	
24	Съ 10 часовъ до 2 писалъ пристально и окончилъ описаніе солдатъ; за то дальше идетъ туго. Былъ вечеромъ у меня Д. Горчаковъ, и дружба, которую онъ показалъ мнѣ, произвела это славное замираніе сердца, которое производитъ во мнѣ истинное чувство и котораго я давно не испытывалъ. Потомъ заѣхалъ Бартоломей, и я вѣрно обидѣлъ его немного тѣмъ, что сказалъ, что у него дурной выговоръ. Пора мнѣ перестать водиться съ молодежью, хотя я никогда и не водился съ ней хорошенько, какъ другіе; но дѣло въ томъ, что теперь мнѣ легче и пріятнѣе быть съ стариками, чѣмъ съ очень молодыми людьми. Здоровье такъ сякъ. Забылъ записать что-то хорошее или важное — не помню. Упрекаю себя нынче только за Бартоломея. ——————	1854-07-16 00:00:00+00	2	1	
25	Обѣдъ мой не удался: ни Горчаковъ, ни Докторъ не могли быть. Одинъ Бартоломей ѣлъ моего поросенка и восхищался Шиллеромъ. — До обѣда читалъ, послѣ обѣда читалъ и — странная вещь — заснулъ до 8 часовъ, такъ что цѣлый день ничего не сдѣлалъ. — Новережскій привезъ мнѣ 45 р., изъ кот[орыхъ] я намѣренъ дать 40 доктору, а на остальные, призанявши еще у Горчакова, ѣхать въ Бузео и тамъ ожидать Штаба и выздоровленія. — Много нынче заслужилъ я упрековъ. 1) За глупую фантазію и, главное, — неисполненную фантазію покупать лошадь у Николаева, и 2) за цѣлый день безъ дѣла. (2)	1854-07-18 00:00:00+00	2	1	
26	Вчера утро читалъ и сбирал[ся] къ отъѣзду. Вечеромъ выѣхалъ самымъ безалабернымъ и нерѣшительнымъ образомъ съ Малышевымъ въ Мара-Домняска, гдѣ и пробылъ нынѣшній день. За эти оба дня упрекаю себя 1) за нерѣшительность при выѣздѣ, 2) за раздражительность вчера утромъ съ Алешкой и 3) немножко за лѣнь вчера. — (3)	1854-07-20 00:00:00+00	2	1	
27	[Синешти.] Рано утромъ меня разбудили и повезли въ Синешти. Вообще недоволенъ я сегодничнымъ днемъ. — Почему-то — не отъ лѣни, а за занятіями ѣдой и палаткой, не было какъ-тο время. — Я ровно ничего не дѣлалъ, даже не читалъ. — Стою и завелъ артель съ немножко не порядочными людьми и, признаюсь, иногда жалѣю, что не въ той артели. Однако, кромѣ того, что это дастъ мнѣ время заниматься, я доволенъ и тѣмъ, что веду себя хорошо — не отталкиваю и не схожусь слишкомъ близко. Глупый старикъ опять разсердилъ меня своей манерой не кланяться. Надо будетъ дать ему шикнотку. Вчера забылъ записать удовольствіе, которое мнѣ доставилъ Шиллеръ своимъ Рудольфомъ Габсбургскимъ и нѣкоторыми мѣлкими философскими стихотвореніями. Прелестна простота, картинность и правдоподобная тихая поэзія въ первомъ. Во второмъ-же поразила меня, записалась въ душѣ, какъ говоритъ Бартоломей, мысль, что, чтобы сдѣлать что нибудь великое, нужно всѣ силы души устремить на одну точку. —\nУпреки 1) за невоздержность и нерѣшительность въ томъ, что я ѣлъ сыръ, и 2) праздность цѣлаго дня, особенно ежели я хоть немного не поработаю теперь. (2)	1854-07-21 00:00:00+00	2	\N	
28	Опять переходъ, несмотря на который я бы былъ доволенъ сегодничнымъ днемъ, ежели-бы не глупое требованіе Кыржановскаго, чтобы я ѣхалъ въ Леово. Я ходилъ къ нему утромъ и имѣлъ слабость и глупость не разбудить его; потомъ заснулъ, пообѣдалъ и написалъ немного. Здоровье хорошо и завтра являюсь къ обоимъ Начальникамъ и подаю оба рапорта. — Упрекъ за нерѣшительность съ Крыжанов[скимъ]. (1)	1854-07-22 00:00:00+00	2	1	
29	Нынче съ утра ходилъ объясняться и являться къ начальству. Вышло, что Крыжановскій сказалъ, чтобы я ѣхалъ въ батарею. Тишкевичъ насплетничалъ мнѣ это, и я шелъ къ Крыж[ановскому] съ дрожащими губами. Но несмотря на всю злобу, я былъ слабъ и позволилъ замаслить это дѣло. Остальное время дня читалъ хорошенькую повѣсть Бернара и написалъ письмо Валерьяну. Меньше, чѣмъ когда, я съ дня своего выздоровленія чувствую себя способнымъ къ общежитію и равнодушно-веселому взгляду на жизнь. Подалъ другой рапортъ о переводѣ.\n\nУпрекаю себя за лѣнь. Въ цѣлый день ровно ничего не сдѣлалъ. ————— (1)	1854-07-23 00:00:00+00	2	\N	
30	[Курешти?] Утромъ Новережскій съ подтянутой мордой принесъ мнѣ назадъ мой рапортъ съ надписью Крыжановскаго. Всѣ эти мѣлкія непріятности такъ меня разстроили, что я рѣшительно цѣлый день былъ самъ не свой, лѣнивъ, апатиченъ, не въ состояніи ни за что приняться, съ людьми молчаливъ, стыдливъ до поту. Я это испыталъ у Бабарыкина, сначала съ Зыбинымъ, Фриде и Балюзекъ, а вечеромъ съ Крыжановскимъ и Сталыпинымъ. Я слишкомъ честенъ для отношеній съ этими людьми. — Странно, что только теперь я замѣтилъ одинъ изъ своихъ важныхъ недостатковъ: оскорбительную и возбуждающую въ другихъ зависть — наклонность выставлять всѣ свои преимущества. Чтобы внушить любовь къ себѣ, напротивъ, нужно скрывать все то, чѣмъ выходишь изъ общаго разряда. Поздно я понялъ это. Не буду подавать рапорта, пока не буду въ состоянии завести лошадей, и употреблю всѣ средства для этаго. Пока не буду ни съ кѣмъ имѣть другихъ отношеній, какъ по службѣ. — Упрекаю себя за лѣнь. ——— (1)	1854-07-24 00:00:00+00	2	1	
31	Рано выступили изъ Курешти и всю дорогу я ужасно мучался, какъ физически — лицо у меня страшно горѣло и выметало, — такъ и морально. Такъ называемые аристократы возбуждаютъ во мнѣ зависть. Я неисправимо мелоченъ и завистливъ.\r\n\r\nПослѣ обѣда я зашелъ къ старику и засталъ у него кампанію Адъют[антовъ] Фельдм[аршала], въ которой мнѣ было невыносимо тяжело. Потомъ Салтыковъ, когда я 3-й разъ вспоминалъ, гдѣ мы съ нимъ видѣлись, сказалъ мнѣ, что «это было тогда, когда мы съ вами дни проводили вмѣстѣ». Это никогда не было. И это было для меня во время безсонной ночи, которую я проводилъ нынче, однимъ изъ тѣхъ воспоминаній, при кот[орыхъ] вскрикиваешь. Вечеромъ съ Ферзеномъ я зашелъ къ нимъ и, не говоря уже про Сухтелена, котораго я долженъ былъ заставить поклониться мнѣ, веселый Корсаковъ, который славно поетъ цыганскія пѣсни, навелъ на меня ужасную тоску и зависть. Въ заключеніи всего, я даже съ Тышкевичемъ такъ жолчно заспорилъ о какой-то глупости, что оскорбилъ его. Какой это ничтожный человѣкъ! подумали бы тѣ, кот[орые] прочли бы эту страницу. — «Несчастный, испорченный нравъ!!» И неужели нельзя поправить его? Найдти зло, говорятъ, уже есть половина дороги къ исправленію. Сколько времени и искренно я бьюсь изъ за этаго и все тщетно. Быть всегда довольнымъ, скромнымъ и трудолюбивымъ, вотъ чудныя правила! Коли бы я могъ слѣдовать имъ! Пора бы отчаяться въ исправленіи, а я все надѣюсь, все стараюсь.\r\n\r\nУпрекаю себя 1) за лѣнь, 2) за двоякую нескромность, совершенно противуположную съ Адъ[ютантами] Ф[ельдмаршала] и съ Тышкевичемъ.	1854-07-25 00:00:00+00	2	\N	
32	[Бузео.] Опять переходъ — до Бузео. Баши-бузуки — какъ нарочно, согласились быть особенно милыми, но во мнѣ было слишкомъ много жолчи. Я дичился. И опять оскорбилъ Тышкевича. — Вообще рѣдко помню, чтобы я, во всѣхъ отношеніяхъ, былъ въ такомъ ужасномъ положеніи, какъ теперь. Болѣнъ, раздраженъ, совершенно одинокъ, — я всѣмъ съумѣлъ опротивѣть, — въ самомъ нерѣшительномъ и дурномъ служебномъ положеніи и безъ денегъ. — Нужно выйдти изъ этаго положенія. — Лечиться пристальнѣе, перетерпѣть непріятность новаго сближенія съ товарищами. Объясниться о службѣ съ Генераломъ или Крыжановскимъ и достать денегъ. Упрекаю 1) за лѣнь, 2) за нескромность съ Сухтеленомъ и съ Тышкевичемъ и 3) за необдуманность, недовольство и нерѣшительность къ исправленію своего положенія. ————————— (4)	1854-07-26 00:00:00+00	2	\N	
33	Цѣлый день пробылъ на мѣстѣ, ни съ кѣмъ не видѣлся, кромѣ Тишкевича и Адъютантовъ, которые всѣ, какъ мнѣ кажется, дичатся меня, какъ disgracié.\r\n\r\nСмѣшно! Я доволенъ своимъ днемъ, ежели бы не лѣнь и не 2 дѣвки у хозяйки, которымъ я не могъ рѣшиться слова сказать и два часа ходилъ около дома. Кое какія мысли приходили въ голову, но я чувствую, какъ память притупляется, любовь и уваженіе и довѣріе къ уму исчезаютъ и я падаю въ мірѣ идеальномъ, не подвигаясь вслѣдствіе этого — какъ бы это должно было быть — въ мірѣ практическом. Именно одна изъ мыслей, по случаю которой мнѣ пришло въ голову это разсужденіе, было то, что — снискивать любовь ближняго напрасно. У Дик[енса] стоитъ наравнѣ съ другими правилами; это не можетъ быть правиломъ основнымъ, потому что оно сложно и состоитъ изъ многихъ. — А впрочемъ, несмотря на это, оно понятнѣе, всегда памятнѣе и какъ то ближе сердцу, чѣмъ другія правила основныя, какъ быть скромнымъ, довольнымъ, чистосердечнымъ.\r\n\r\nУпрекаю себя нынче 1) за праздность; потому что нынѣшній день, сколько бы я не старался оправдать себя, одинъ изъ тѣхъ, въ которыхъ, я долженъ признаться, я ровно ничего не сдѣлалъ. — Не оставилъ по себѣ никакого слѣда, и 2) за ребяческую нерѣшительность съ дѣвками. —————— (2)	1854-07-27 00:00:00+00	2	1	
35	Исправленіе мое идетъ прекрасно. Я чувствую, какъ отношенія мои становятся пріятны и легки съ людьми всякаго рода, съ тѣхъ поръ какъ я рѣшился быть скромнымъ и убѣдился въ томъ, что казаться всегда величественнымъ и непогрѣшнымъ вовсе не есть необходимость. Я очень веселъ. И дай Богъ, какъ мнѣ кажется, — чтобы веселье это происходило отъ самаго меня; отъ желаній всѣмъ быть пріятнымъ, скромности, необидчивости и внимательности за вспышками. — Тогда бы я всегда былъ веселъ и почти всегда счастливъ. Утромъ рѣшилъ было сидѣть дома, позаниматься, но дѣло не пошло и не утерпѣлъ вечеромъ, чтобы не пойдти пошляться.\r\n\r\nИдя отъ ужина, мы съ Тишк[евичемъ] остановились у бардели и насъ накрылъ Крыжановскій, что, признаюсь, было мнѣ не совсѣмъ пріятно. Упрекаю себя за безхарактерность, что не высидѣлъ дома, и зa праздность цѣлаго дня. Это главный пунктъ. (2)	1854-07-29 00:00:00+00	2	1	
36	[Рымник.] Сдѣлалъ верхомъ переходъ до Рымника. [[5]] Старикъ все не кланяется мнѣ. Обѣ вещи эти злятъ меня. Съ встрѣчавшимися баши-бузуками велъ себя хорошо. Объяснился съ Крыжановскимъ. Онъ, не знаю зачѣмъ, совѣтуетъ мнѣ прикомандироваться къ казачьей батареѣ; совѣтъ, которому я не послѣдую. Желчно спорилъ вечеромъ съ Фриде и Бабарыкинымъ, ругалъ Сержпутовскому и ничего не сдѣлалъ, вотъ 3 упрека, которыя дѣлаю себѣ за нынѣшній день. (3)	1854-07-30 00:00:00+00	2	\N	
37	[Фокшаны.] Еще переходъ до Фокшанъ, во время котораго я ѣхалъ съ Монго. Человѣкъ пустой, но съ твердыми, хотя и ложными убѣжденіями. Генерал[у] по этому должно быть случаю, угодно было спрашивать о моемъ здоровьи. Свинья! К[о]вырялъ носъ и ничего не написалъ — вотъ 2 упрека за нын[ѣшній] день. Послѣдній упрекъ становится слишкомъ частъ, хотя походъ и можетъ служить въ немъ отчасти извиненіемъ. Отношенія мои съ товарищами становятся такъ пріятны, что мнѣ жалко бросить штабъ. Здоровье кажется (2) лучше.	1854-07-31 00:00:00+00	2	1	
50	Как же это настроить!	2022-10-26 15:36:24.52+00	3	3	
51	Как же это настроить!	2022-10-26 15:36:55.76+00	3	3	
52	Как же это настроить!3	2022-10-26 15:37:51.993+00	3	3	
53	Как же это настроить!	2022-10-26 15:41:34.176+00	3	3	
\.


--
-- Data for Name: thumbnail_kvstore; Type: TABLE DATA; Schema: public; Owner: yatube_user
--

COPY public.thumbnail_kvstore (key, value) FROM stdin;
sorl-thumbnail||image||0000dd5a3a7a753092f6c88db2743d96	{"name": "cache/6e/09/6e090e8d5db16479ae2134e48759fcc3.jpg", "storage": "django.core.files.storage.FileSystemStorage", "size": [960, 339]}
sorl-thumbnail||image||0b5ffe54bc27bc53c5209a8c6798a654	{"name": "posts/1503163341165759956.jpg", "storage": "django.core.files.storage.FileSystemStorage", "size": [480, 474]}
sorl-thumbnail||image||0cf3184b19282ae7cd1abef714c0b6ff	{"name": "cache/21/e0/21e09e42ff91e6129f1d0e2f470feff3.jpg", "storage": "django.core.files.storage.FileSystemStorage", "size": [960, 339]}
sorl-thumbnail||image||11eaf4985dff16bffa2f544c56b14032	{"name": "posts/1449516697181478250.png", "storage": "django.core.files.storage.FileSystemStorage", "size": [120, 124]}
sorl-thumbnail||image||364f70d9fe02ce977b30d5dbe3161ba8	{"name": "posts/o_PEp7fKUeA.jpg", "storage": "django.core.files.storage.FileSystemStorage", "size": [1440, 1920]}
sorl-thumbnail||image||37eadc4c7d66643b53928bcfdcde6044	{"name": "posts/1424206384_1497197936.jpg", "storage": "django.core.files.storage.FileSystemStorage", "size": [500, 374]}
sorl-thumbnail||image||4ed6def360caa7de55d726ca27056924	{"name": "posts/XKF17lDa5Xg.jpg", "storage": "django.core.files.storage.FileSystemStorage", "size": [1440, 1920]}
sorl-thumbnail||image||81fcb93b9701883c760b21d24428a926	{"name": "cache/fd/5d/fd5d962637c45ed5bb48c63b3e71b07b.jpg", "storage": "django.core.files.storage.FileSystemStorage", "size": [960, 339]}
sorl-thumbnail||image||858081a1a7dc9598e6a4667a15812d8d	{"name": "cache/0d/0f/0d0f812aaa0fb479eb895d001eefceaf.jpg", "storage": "django.core.files.storage.FileSystemStorage", "size": [960, 339]}
sorl-thumbnail||image||90b9a070d9833709cc008eaca1cdf086	{"name": "posts/NpPO3-LLMj0.jpg", "storage": "django.core.files.storage.FileSystemStorage", "size": [604, 532]}
sorl-thumbnail||image||a1c2430cbfaff79d66d6d1c27acc7254	{"name": "cache/7a/f1/7af1f3e2ef471d4e07482f15f7c8f839.jpg", "storage": "django.core.files.storage.FileSystemStorage", "size": [960, 339]}
sorl-thumbnail||image||a5783da975755372f89402c47319f2c2	{"name": "cache/d3/5c/d35c54e9fa4ec9fe59721709a9ac9d17.jpg", "storage": "django.core.files.storage.FileSystemStorage", "size": [960, 339]}
sorl-thumbnail||image||a75410fc6f1e7ad86a295768d97dfd88	{"name": "cache/d8/66/d866131a86b2bd333be42c1b8f967aa1.jpg", "storage": "django.core.files.storage.FileSystemStorage", "size": [960, 339]}
sorl-thumbnail||image||a7b10c2a9ea5bae6b7e62f1d08b97c15	{"name": "posts/nfGUJQCrs6Q.jpg", "storage": "django.core.files.storage.FileSystemStorage", "size": [391, 768]}
sorl-thumbnail||image||e1e58d37bf2e65f23a40a6d29b74b51a	{"name": "posts/u41921.jpg", "storage": "django.core.files.storage.FileSystemStorage", "size": [907, 842]}
sorl-thumbnail||image||fd6db7c8fd4e3ced5e8ae5203b577a03	{"name": "cache/75/97/7597a89889630d08b23e9db61778e4ab.jpg", "storage": "django.core.files.storage.FileSystemStorage", "size": [960, 339]}
sorl-thumbnail||thumbnails||0b5ffe54bc27bc53c5209a8c6798a654	["a1c2430cbfaff79d66d6d1c27acc7254"]
sorl-thumbnail||thumbnails||11eaf4985dff16bffa2f544c56b14032	["81fcb93b9701883c760b21d24428a926"]
sorl-thumbnail||thumbnails||364f70d9fe02ce977b30d5dbe3161ba8	["a5783da975755372f89402c47319f2c2"]
sorl-thumbnail||thumbnails||37eadc4c7d66643b53928bcfdcde6044	["0cf3184b19282ae7cd1abef714c0b6ff"]
sorl-thumbnail||thumbnails||4ed6def360caa7de55d726ca27056924	["0000dd5a3a7a753092f6c88db2743d96"]
sorl-thumbnail||thumbnails||90b9a070d9833709cc008eaca1cdf086	["fd6db7c8fd4e3ced5e8ae5203b577a03"]
sorl-thumbnail||thumbnails||a7b10c2a9ea5bae6b7e62f1d08b97c15	["858081a1a7dc9598e6a4667a15812d8d"]
sorl-thumbnail||thumbnails||e1e58d37bf2e65f23a40a6d29b74b51a	["a75410fc6f1e7ad86a295768d97dfd88"]
\.


--
-- Name: auth_group_id_seq; Type: SEQUENCE SET; Schema: public; Owner: yatube_user
--

SELECT pg_catalog.setval('public.auth_group_id_seq', 1, false);


--
-- Name: auth_group_permissions_id_seq; Type: SEQUENCE SET; Schema: public; Owner: yatube_user
--

SELECT pg_catalog.setval('public.auth_group_permissions_id_seq', 1, false);


--
-- Name: auth_permission_id_seq; Type: SEQUENCE SET; Schema: public; Owner: yatube_user
--

SELECT pg_catalog.setval('public.auth_permission_id_seq', 44, true);


--
-- Name: auth_user_groups_id_seq; Type: SEQUENCE SET; Schema: public; Owner: yatube_user
--

SELECT pg_catalog.setval('public.auth_user_groups_id_seq', 1, false);


--
-- Name: auth_user_id_seq; Type: SEQUENCE SET; Schema: public; Owner: yatube_user
--

SELECT pg_catalog.setval('public.auth_user_id_seq', 4, true);


--
-- Name: auth_user_user_permissions_id_seq; Type: SEQUENCE SET; Schema: public; Owner: yatube_user
--

SELECT pg_catalog.setval('public.auth_user_user_permissions_id_seq', 1, false);


--
-- Name: django_admin_log_id_seq; Type: SEQUENCE SET; Schema: public; Owner: yatube_user
--

SELECT pg_catalog.setval('public.django_admin_log_id_seq', 35, true);


--
-- Name: django_content_type_id_seq; Type: SEQUENCE SET; Schema: public; Owner: yatube_user
--

SELECT pg_catalog.setval('public.django_content_type_id_seq', 11, true);


--
-- Name: django_migrations_id_seq; Type: SEQUENCE SET; Schema: public; Owner: yatube_user
--

SELECT pg_catalog.setval('public.django_migrations_id_seq', 34, true);


--
-- Name: posts_comment_id_seq; Type: SEQUENCE SET; Schema: public; Owner: yatube_user
--

SELECT pg_catalog.setval('public.posts_comment_id_seq', 6, true);


--
-- Name: posts_follow_id_seq; Type: SEQUENCE SET; Schema: public; Owner: yatube_user
--

SELECT pg_catalog.setval('public.posts_follow_id_seq', 17, true);


--
-- Name: posts_group_id_seq; Type: SEQUENCE SET; Schema: public; Owner: yatube_user
--

SELECT pg_catalog.setval('public.posts_group_id_seq', 3, true);


--
-- Name: posts_post_id_seq; Type: SEQUENCE SET; Schema: public; Owner: yatube_user
--

SELECT pg_catalog.setval('public.posts_post_id_seq', 68, true);


--
-- Name: auth_group auth_group_name_key; Type: CONSTRAINT; Schema: public; Owner: yatube_user
--

ALTER TABLE ONLY public.auth_group
    ADD CONSTRAINT auth_group_name_key UNIQUE (name);


--
-- Name: auth_group_permissions auth_group_permissions_group_id_permission_id_0cd325b0_uniq; Type: CONSTRAINT; Schema: public; Owner: yatube_user
--

ALTER TABLE ONLY public.auth_group_permissions
    ADD CONSTRAINT auth_group_permissions_group_id_permission_id_0cd325b0_uniq UNIQUE (group_id, permission_id);


--
-- Name: auth_group_permissions auth_group_permissions_pkey; Type: CONSTRAINT; Schema: public; Owner: yatube_user
--

ALTER TABLE ONLY public.auth_group_permissions
    ADD CONSTRAINT auth_group_permissions_pkey PRIMARY KEY (id);


--
-- Name: auth_group auth_group_pkey; Type: CONSTRAINT; Schema: public; Owner: yatube_user
--

ALTER TABLE ONLY public.auth_group
    ADD CONSTRAINT auth_group_pkey PRIMARY KEY (id);


--
-- Name: auth_permission auth_permission_content_type_id_codename_01ab375a_uniq; Type: CONSTRAINT; Schema: public; Owner: yatube_user
--

ALTER TABLE ONLY public.auth_permission
    ADD CONSTRAINT auth_permission_content_type_id_codename_01ab375a_uniq UNIQUE (content_type_id, codename);


--
-- Name: auth_permission auth_permission_pkey; Type: CONSTRAINT; Schema: public; Owner: yatube_user
--

ALTER TABLE ONLY public.auth_permission
    ADD CONSTRAINT auth_permission_pkey PRIMARY KEY (id);


--
-- Name: auth_user_groups auth_user_groups_pkey; Type: CONSTRAINT; Schema: public; Owner: yatube_user
--

ALTER TABLE ONLY public.auth_user_groups
    ADD CONSTRAINT auth_user_groups_pkey PRIMARY KEY (id);


--
-- Name: auth_user_groups auth_user_groups_user_id_group_id_94350c0c_uniq; Type: CONSTRAINT; Schema: public; Owner: yatube_user
--

ALTER TABLE ONLY public.auth_user_groups
    ADD CONSTRAINT auth_user_groups_user_id_group_id_94350c0c_uniq UNIQUE (user_id, group_id);


--
-- Name: auth_user auth_user_pkey; Type: CONSTRAINT; Schema: public; Owner: yatube_user
--

ALTER TABLE ONLY public.auth_user
    ADD CONSTRAINT auth_user_pkey PRIMARY KEY (id);


--
-- Name: auth_user_user_permissions auth_user_user_permissions_pkey; Type: CONSTRAINT; Schema: public; Owner: yatube_user
--

ALTER TABLE ONLY public.auth_user_user_permissions
    ADD CONSTRAINT auth_user_user_permissions_pkey PRIMARY KEY (id);


--
-- Name: auth_user_user_permissions auth_user_user_permissions_user_id_permission_id_14a6b632_uniq; Type: CONSTRAINT; Schema: public; Owner: yatube_user
--

ALTER TABLE ONLY public.auth_user_user_permissions
    ADD CONSTRAINT auth_user_user_permissions_user_id_permission_id_14a6b632_uniq UNIQUE (user_id, permission_id);


--
-- Name: auth_user auth_user_username_key; Type: CONSTRAINT; Schema: public; Owner: yatube_user
--

ALTER TABLE ONLY public.auth_user
    ADD CONSTRAINT auth_user_username_key UNIQUE (username);


--
-- Name: django_admin_log django_admin_log_pkey; Type: CONSTRAINT; Schema: public; Owner: yatube_user
--

ALTER TABLE ONLY public.django_admin_log
    ADD CONSTRAINT django_admin_log_pkey PRIMARY KEY (id);


--
-- Name: django_content_type django_content_type_app_label_model_76bd3d3b_uniq; Type: CONSTRAINT; Schema: public; Owner: yatube_user
--

ALTER TABLE ONLY public.django_content_type
    ADD CONSTRAINT django_content_type_app_label_model_76bd3d3b_uniq UNIQUE (app_label, model);


--
-- Name: django_content_type django_content_type_pkey; Type: CONSTRAINT; Schema: public; Owner: yatube_user
--

ALTER TABLE ONLY public.django_content_type
    ADD CONSTRAINT django_content_type_pkey PRIMARY KEY (id);


--
-- Name: django_migrations django_migrations_pkey; Type: CONSTRAINT; Schema: public; Owner: yatube_user
--

ALTER TABLE ONLY public.django_migrations
    ADD CONSTRAINT django_migrations_pkey PRIMARY KEY (id);


--
-- Name: django_session django_session_pkey; Type: CONSTRAINT; Schema: public; Owner: yatube_user
--

ALTER TABLE ONLY public.django_session
    ADD CONSTRAINT django_session_pkey PRIMARY KEY (session_key);


--
-- Name: posts_comment posts_comment_pkey; Type: CONSTRAINT; Schema: public; Owner: yatube_user
--

ALTER TABLE ONLY public.posts_comment
    ADD CONSTRAINT posts_comment_pkey PRIMARY KEY (id);


--
-- Name: posts_follow posts_follow_pkey; Type: CONSTRAINT; Schema: public; Owner: yatube_user
--

ALTER TABLE ONLY public.posts_follow
    ADD CONSTRAINT posts_follow_pkey PRIMARY KEY (id);


--
-- Name: posts_group posts_group_pkey; Type: CONSTRAINT; Schema: public; Owner: yatube_user
--

ALTER TABLE ONLY public.posts_group
    ADD CONSTRAINT posts_group_pkey PRIMARY KEY (id);


--
-- Name: posts_group posts_group_slug_838831b4_uniq; Type: CONSTRAINT; Schema: public; Owner: yatube_user
--

ALTER TABLE ONLY public.posts_group
    ADD CONSTRAINT posts_group_slug_838831b4_uniq UNIQUE (slug);


--
-- Name: posts_post posts_post_pkey; Type: CONSTRAINT; Schema: public; Owner: yatube_user
--

ALTER TABLE ONLY public.posts_post
    ADD CONSTRAINT posts_post_pkey PRIMARY KEY (id);


--
-- Name: thumbnail_kvstore thumbnail_kvstore_pkey; Type: CONSTRAINT; Schema: public; Owner: yatube_user
--

ALTER TABLE ONLY public.thumbnail_kvstore
    ADD CONSTRAINT thumbnail_kvstore_pkey PRIMARY KEY (key);


--
-- Name: auth_group_name_a6ea08ec_like; Type: INDEX; Schema: public; Owner: yatube_user
--

CREATE INDEX auth_group_name_a6ea08ec_like ON public.auth_group USING btree (name varchar_pattern_ops);


--
-- Name: auth_group_permissions_group_id_b120cbf9; Type: INDEX; Schema: public; Owner: yatube_user
--

CREATE INDEX auth_group_permissions_group_id_b120cbf9 ON public.auth_group_permissions USING btree (group_id);


--
-- Name: auth_group_permissions_permission_id_84c5c92e; Type: INDEX; Schema: public; Owner: yatube_user
--

CREATE INDEX auth_group_permissions_permission_id_84c5c92e ON public.auth_group_permissions USING btree (permission_id);


--
-- Name: auth_permission_content_type_id_2f476e4b; Type: INDEX; Schema: public; Owner: yatube_user
--

CREATE INDEX auth_permission_content_type_id_2f476e4b ON public.auth_permission USING btree (content_type_id);


--
-- Name: auth_user_groups_group_id_97559544; Type: INDEX; Schema: public; Owner: yatube_user
--

CREATE INDEX auth_user_groups_group_id_97559544 ON public.auth_user_groups USING btree (group_id);


--
-- Name: auth_user_groups_user_id_6a12ed8b; Type: INDEX; Schema: public; Owner: yatube_user
--

CREATE INDEX auth_user_groups_user_id_6a12ed8b ON public.auth_user_groups USING btree (user_id);


--
-- Name: auth_user_user_permissions_permission_id_1fbb5f2c; Type: INDEX; Schema: public; Owner: yatube_user
--

CREATE INDEX auth_user_user_permissions_permission_id_1fbb5f2c ON public.auth_user_user_permissions USING btree (permission_id);


--
-- Name: auth_user_user_permissions_user_id_a95ead1b; Type: INDEX; Schema: public; Owner: yatube_user
--

CREATE INDEX auth_user_user_permissions_user_id_a95ead1b ON public.auth_user_user_permissions USING btree (user_id);


--
-- Name: auth_user_username_6821ab7c_like; Type: INDEX; Schema: public; Owner: yatube_user
--

CREATE INDEX auth_user_username_6821ab7c_like ON public.auth_user USING btree (username varchar_pattern_ops);


--
-- Name: django_admin_log_content_type_id_c4bce8eb; Type: INDEX; Schema: public; Owner: yatube_user
--

CREATE INDEX django_admin_log_content_type_id_c4bce8eb ON public.django_admin_log USING btree (content_type_id);


--
-- Name: django_admin_log_user_id_c564eba6; Type: INDEX; Schema: public; Owner: yatube_user
--

CREATE INDEX django_admin_log_user_id_c564eba6 ON public.django_admin_log USING btree (user_id);


--
-- Name: django_session_expire_date_a5c62663; Type: INDEX; Schema: public; Owner: yatube_user
--

CREATE INDEX django_session_expire_date_a5c62663 ON public.django_session USING btree (expire_date);


--
-- Name: django_session_session_key_c0390e0f_like; Type: INDEX; Schema: public; Owner: yatube_user
--

CREATE INDEX django_session_session_key_c0390e0f_like ON public.django_session USING btree (session_key varchar_pattern_ops);


--
-- Name: posts_comment_author_id_795e4d12; Type: INDEX; Schema: public; Owner: yatube_user
--

CREATE INDEX posts_comment_author_id_795e4d12 ON public.posts_comment USING btree (author_id);


--
-- Name: posts_comment_post_id_e81436d7; Type: INDEX; Schema: public; Owner: yatube_user
--

CREATE INDEX posts_comment_post_id_e81436d7 ON public.posts_comment USING btree (post_id);


--
-- Name: posts_follow_author_id_07282e68; Type: INDEX; Schema: public; Owner: yatube_user
--

CREATE INDEX posts_follow_author_id_07282e68 ON public.posts_follow USING btree (author_id);


--
-- Name: posts_follow_user_id_0b8e2703; Type: INDEX; Schema: public; Owner: yatube_user
--

CREATE INDEX posts_follow_user_id_0b8e2703 ON public.posts_follow USING btree (user_id);


--
-- Name: posts_group_slug_838831b4_like; Type: INDEX; Schema: public; Owner: yatube_user
--

CREATE INDEX posts_group_slug_838831b4_like ON public.posts_group USING btree (slug varchar_pattern_ops);


--
-- Name: posts_post_author_id_fe5487bf; Type: INDEX; Schema: public; Owner: yatube_user
--

CREATE INDEX posts_post_author_id_fe5487bf ON public.posts_post USING btree (author_id);


--
-- Name: posts_post_group_id_c91a8485; Type: INDEX; Schema: public; Owner: yatube_user
--

CREATE INDEX posts_post_group_id_c91a8485 ON public.posts_post USING btree (group_id);


--
-- Name: posts_post_pub_date_131c7f8d; Type: INDEX; Schema: public; Owner: yatube_user
--

CREATE INDEX posts_post_pub_date_131c7f8d ON public.posts_post USING btree (pub_date);


--
-- Name: thumbnail_kvstore_key_3f850178_like; Type: INDEX; Schema: public; Owner: yatube_user
--

CREATE INDEX thumbnail_kvstore_key_3f850178_like ON public.thumbnail_kvstore USING btree (key varchar_pattern_ops);


--
-- Name: auth_group_permissions auth_group_permissio_permission_id_84c5c92e_fk_auth_perm; Type: FK CONSTRAINT; Schema: public; Owner: yatube_user
--

ALTER TABLE ONLY public.auth_group_permissions
    ADD CONSTRAINT auth_group_permissio_permission_id_84c5c92e_fk_auth_perm FOREIGN KEY (permission_id) REFERENCES public.auth_permission(id) DEFERRABLE INITIALLY DEFERRED;


--
-- Name: auth_group_permissions auth_group_permissions_group_id_b120cbf9_fk_auth_group_id; Type: FK CONSTRAINT; Schema: public; Owner: yatube_user
--

ALTER TABLE ONLY public.auth_group_permissions
    ADD CONSTRAINT auth_group_permissions_group_id_b120cbf9_fk_auth_group_id FOREIGN KEY (group_id) REFERENCES public.auth_group(id) DEFERRABLE INITIALLY DEFERRED;


--
-- Name: auth_permission auth_permission_content_type_id_2f476e4b_fk_django_co; Type: FK CONSTRAINT; Schema: public; Owner: yatube_user
--

ALTER TABLE ONLY public.auth_permission
    ADD CONSTRAINT auth_permission_content_type_id_2f476e4b_fk_django_co FOREIGN KEY (content_type_id) REFERENCES public.django_content_type(id) DEFERRABLE INITIALLY DEFERRED;


--
-- Name: auth_user_groups auth_user_groups_group_id_97559544_fk_auth_group_id; Type: FK CONSTRAINT; Schema: public; Owner: yatube_user
--

ALTER TABLE ONLY public.auth_user_groups
    ADD CONSTRAINT auth_user_groups_group_id_97559544_fk_auth_group_id FOREIGN KEY (group_id) REFERENCES public.auth_group(id) DEFERRABLE INITIALLY DEFERRED;


--
-- Name: auth_user_groups auth_user_groups_user_id_6a12ed8b_fk_auth_user_id; Type: FK CONSTRAINT; Schema: public; Owner: yatube_user
--

ALTER TABLE ONLY public.auth_user_groups
    ADD CONSTRAINT auth_user_groups_user_id_6a12ed8b_fk_auth_user_id FOREIGN KEY (user_id) REFERENCES public.auth_user(id) DEFERRABLE INITIALLY DEFERRED;


--
-- Name: auth_user_user_permissions auth_user_user_permi_permission_id_1fbb5f2c_fk_auth_perm; Type: FK CONSTRAINT; Schema: public; Owner: yatube_user
--

ALTER TABLE ONLY public.auth_user_user_permissions
    ADD CONSTRAINT auth_user_user_permi_permission_id_1fbb5f2c_fk_auth_perm FOREIGN KEY (permission_id) REFERENCES public.auth_permission(id) DEFERRABLE INITIALLY DEFERRED;


--
-- Name: auth_user_user_permissions auth_user_user_permissions_user_id_a95ead1b_fk_auth_user_id; Type: FK CONSTRAINT; Schema: public; Owner: yatube_user
--

ALTER TABLE ONLY public.auth_user_user_permissions
    ADD CONSTRAINT auth_user_user_permissions_user_id_a95ead1b_fk_auth_user_id FOREIGN KEY (user_id) REFERENCES public.auth_user(id) DEFERRABLE INITIALLY DEFERRED;


--
-- Name: django_admin_log django_admin_log_content_type_id_c4bce8eb_fk_django_co; Type: FK CONSTRAINT; Schema: public; Owner: yatube_user
--

ALTER TABLE ONLY public.django_admin_log
    ADD CONSTRAINT django_admin_log_content_type_id_c4bce8eb_fk_django_co FOREIGN KEY (content_type_id) REFERENCES public.django_content_type(id) DEFERRABLE INITIALLY DEFERRED;


--
-- Name: django_admin_log django_admin_log_user_id_c564eba6_fk_auth_user_id; Type: FK CONSTRAINT; Schema: public; Owner: yatube_user
--

ALTER TABLE ONLY public.django_admin_log
    ADD CONSTRAINT django_admin_log_user_id_c564eba6_fk_auth_user_id FOREIGN KEY (user_id) REFERENCES public.auth_user(id) DEFERRABLE INITIALLY DEFERRED;


--
-- Name: posts_comment posts_comment_author_id_795e4d12_fk_auth_user_id; Type: FK CONSTRAINT; Schema: public; Owner: yatube_user
--

ALTER TABLE ONLY public.posts_comment
    ADD CONSTRAINT posts_comment_author_id_795e4d12_fk_auth_user_id FOREIGN KEY (author_id) REFERENCES public.auth_user(id) DEFERRABLE INITIALLY DEFERRED;


--
-- Name: posts_comment posts_comment_post_id_e81436d7_fk_posts_post_id; Type: FK CONSTRAINT; Schema: public; Owner: yatube_user
--

ALTER TABLE ONLY public.posts_comment
    ADD CONSTRAINT posts_comment_post_id_e81436d7_fk_posts_post_id FOREIGN KEY (post_id) REFERENCES public.posts_post(id) DEFERRABLE INITIALLY DEFERRED;


--
-- Name: posts_follow posts_follow_author_id_07282e68_fk_auth_user_id; Type: FK CONSTRAINT; Schema: public; Owner: yatube_user
--

ALTER TABLE ONLY public.posts_follow
    ADD CONSTRAINT posts_follow_author_id_07282e68_fk_auth_user_id FOREIGN KEY (author_id) REFERENCES public.auth_user(id) DEFERRABLE INITIALLY DEFERRED;


--
-- Name: posts_follow posts_follow_user_id_0b8e2703_fk_auth_user_id; Type: FK CONSTRAINT; Schema: public; Owner: yatube_user
--

ALTER TABLE ONLY public.posts_follow
    ADD CONSTRAINT posts_follow_user_id_0b8e2703_fk_auth_user_id FOREIGN KEY (user_id) REFERENCES public.auth_user(id) DEFERRABLE INITIALLY DEFERRED;


--
-- Name: posts_post posts_post_author_id_fe5487bf_fk_auth_user_id; Type: FK CONSTRAINT; Schema: public; Owner: yatube_user
--

ALTER TABLE ONLY public.posts_post
    ADD CONSTRAINT posts_post_author_id_fe5487bf_fk_auth_user_id FOREIGN KEY (author_id) REFERENCES public.auth_user(id) DEFERRABLE INITIALLY DEFERRED;


--
-- Name: posts_post posts_post_group_id_c91a8485_fk_posts_group_id; Type: FK CONSTRAINT; Schema: public; Owner: yatube_user
--

ALTER TABLE ONLY public.posts_post
    ADD CONSTRAINT posts_post_group_id_c91a8485_fk_posts_group_id FOREIGN KEY (group_id) REFERENCES public.posts_group(id) DEFERRABLE INITIALLY DEFERRED;


--
-- PostgreSQL database dump complete
--

